Date,Price
2012-01-03,12.345174
2012-01-04,12.411514
2012-01-05,12.549312
2012-01-06,12.6805
2012-01-09,12.660381
2012-01-10,12.705716
2012-01-11,12.685001
2012-01-12,12.650179
2012-01-13,12.602744
2012-01-17,12.749543
2012-01-18,12.881932
2012-01-19,12.841108
2012-01-20,12.617454
2012-01-23,12.830897
2012-01-24,12.620758
2012-01-25,13.408782
2012-01-26,13.347844
2012-01-27,13.427398
2012-01-30,13.599412
2012-01-31,13.703581
2012-02-01,13.694876
2012-02-02,13.662755
2012-02-03,13.799644
2012-02-06,13.928431
2012-02-07,14.074334
2012-02-08,14.30999
2012-02-09,14.805017
2012-02-10,14.812525
2012-02-13,15.08811
2012-02-14,15.294049
2012-02-15,14.940109
2012-02-16,15.076399
2012-02-17,15.073701
2012-02-21,15.455854
2012-02-22,15.40152
2012-02-23,15.502085
2012-02-24,15.682809
2012-02-27,15.783375
2012-02-28,16.073074
2012-02-29,16.284111
2012-03-01,16.345047
2012-03-02,16.366369
2012-03-05,16.005524
2012-03-06,15.918468
2012-03-07,15.931372
2012-03-08,16.270607
2012-03-09,16.366062
2012-03-12,16.57111
2012-03-13,17.054422
2012-03-14,17.699261
2012-03-15,17.578573
2012-03-16,17.578873
2012-03-19,18.04509
2012-03-20,18.19099
2012-03-21,18.087124
2012-03-22,17.992256
2012-03-23,17.893497
2012-03-26,18.221598
2012-03-27,18.446764
2012-03-28,18.541025
2012-03-29,18.308062
2012-03-30,17.998566
2012-04-02,18.571348
2012-04-03,18.89226
2012-04-04,18.741858
2012-04-05,19.023142
2012-04-09,19.099709
2012-04-10,18.865843
2012-04-11,18.798597
2012-04-12,18.695627
2012-04-13,18.169077
2012-04-16,17.415575
2012-04-17,18.30327
2012-04-18,18.26244
2012-04-19,17.635015
2012-04-20,17.200924
2012-04-23,17.162502
2012-04-24,16.81967
2012-04-25,18.312273
2012-04-26,18.243231
2012-04-27,18.102135
2012-04-30,17.531149
2012-05-01,17.475618
2012-05-02,17.591185
2012-05-03,17.466301
2012-05-04,16.968872
2012-05-07,17.09586
2012-05-08,17.056837
2012-05-09,17.086842
2012-05-10,17.127069
2012-05-11,17.012699
2012-05-14,16.757833
2012-05-15,16.606226
2012-05-16,16.393383
2012-05-17,15.914258
2012-05-18,15.922069
2012-05-21,16.849693
2012-05-22,16.720308
2012-05-23,17.128277
2012-05-24,16.97097
2012-05-25,16.880016
2012-05-29,17.179607
2012-05-30,17.386745
2012-05-31,17.343527
2012-06-01,16.840984
2012-06-04,16.940058
2012-06-05,16.896217
2012-06-06,17.155298
2012-06-07,17.163094
2012-06-08,17.421276
2012-06-11,17.146593
2012-06-12,17.296391
2012-06-13,17.176313
2012-06-14,17.157394
2012-06-15,17.235455
2012-06-18,17.585184
2012-06-19,17.634113
2012-06-20,17.583988
2012-06-21,17.341721
2012-06-22,17.474709
2012-06-25,17.134581
2012-06-26,17.172409
2012-06-27,17.246557
2012-06-28,17.082947
2012-06-29,17.531744
2012-07-02,17.787518
2012-07-03,17.994354
2012-07-05,18.310467
2012-07-06,18.188589
2012-07-09,18.429047
2012-07-10,18.258541
2012-07-11,18.145058
2012-07-12,17.979048
2012-07-13,18.16127
2012-07-16,18.219505
2012-07-17,18.220409
2012-07-18,18.199997
2012-07-19,18.441959
2012-07-20,18.141155
2012-07-23,18.127045
2012-07-24,18.039684
2012-07-25,17.260666
2012-07-26,17.257963
2012-07-27,17.56657
2012-07-30,17.862873
2012-07-31,18.335087
2012-08-01,18.216505
2012-08-02,18.245924
2012-08-03,18.483389
2012-08-06,18.689024
2012-08-07,18.639791
2012-08-08,18.608271
2012-08-09,18.71439
2012-08-10,18.743639
2012-08-13,18.993872
2012-08-14,19.044827
2012-08-15,19.018902
2012-08-16,19.185024
2012-08-17,19.539877
2012-08-20,20.053619
2012-08-21,19.77956
2012-08-22,20.165762
2012-08-23,19.977634
2012-08-24,19.995426
2012-08-27,20.371075
2012-08-28,20.344545
2012-08-29,20.304453
2012-08-30,20.01502
2012-08-31,20.056322
2012-09-04,20.34968
2012-09-05,20.206774
2012-09-06,20.388866
2012-09-07,20.514597
2012-09-10,19.980949
2012-09-11,19.916134
2012-09-12,20.193499
2012-09-13,20.591173
2012-09-14,20.84141
2012-09-17,21.097679
2012-09-18,21.161892
2012-09-19,21.167616
2012-09-20,21.065113
2012-09-21,21.107018
2012-09-24,20.826632
2012-09-25,20.306562
2012-09-26,20.05452
2012-09-27,20.541122
2012-09-28,20.1124
2012-10-01,19.879955
2012-10-02,19.937841
2012-10-03,20.243551
2012-10-04,20.103367
2012-10-05,19.674938
2012-10-08,19.240198
2012-10-09,19.170244
2012-10-10,19.322798
2012-10-11,18.936588
2012-10-12,18.985126
2012-10-15,19.137384
2012-10-16,19.590523
2012-10-17,19.434353
2012-10-18,19.073465
2012-10-19,18.386074
2012-10-22,19.115377
2012-10-23,18.492191
2012-10-24,18.596813
2012-10-25,18.377028
2012-10-26,18.209999
2012-10-31,17.948299
2012-11-01,17.985079
2012-11-02,17.389946
2012-11-05,17.625711
2012-11-06,17.57235
2012-11-07,16.899988
2012-11-08,16.286676
2012-11-09,16.568645
2012-11-12,16.440536
2012-11-13,16.44265
2012-11-14,16.26033
2012-11-15,15.919298
2012-11-16,15.981696
2012-11-19,17.134106
2012-11-20,16.988115
2012-11-21,17.012047
2012-11-23,17.308859
2012-11-26,17.854925
2012-11-27,17.711061
2012-11-28,17.655336
2012-11-29,17.849768
2012-11-30,17.726208
2012-12-03,17.753767
2012-12-04,17.440603
2012-12-05,16.318178
2012-12-06,16.574104
2012-12-07,16.150393
2012-12-10,16.046505
2012-12-11,16.396923
2012-12-12,16.324543
2012-12-13,16.042559
2012-12-14,15.439862
2012-12-17,15.713662
2012-12-18,16.170078
2012-12-19,15.940202
2012-12-20,15.801485
2012-12-21,15.728796
2012-12-24,15.75424
2012-12-26,15.537083
2012-12-27,15.59947
2012-12-28,15.433804
2012-12-31,16.117674
2013-01-02,16.628309
2013-01-03,16.418428
2013-01-04,15.961088
2013-01-07,15.867208
2013-01-08,15.909909
2013-01-09,15.661258
2013-01-10,15.8554
2013-01-11,15.758175
2013-01-14,15.196352
2013-01-15,14.716915
2013-01-16,15.3278
2013-01-17,15.224514
2013-01-18,15.143357
2013-01-22,15.287816
2013-01-23,15.567674
2013-01-24,13.644163
2013-01-25,13.322517
2013-01-28,13.623869
2013-01-29,13.879489
2013-01-30,13.835878
2013-01-31,13.795295
2013-02-01,13.738659
2013-02-04,13.396416
2013-02-05,13.866462
2013-02-06,13.851625
2013-02-07,14.263492
2013-02-08,14.469423
2013-02-11,14.620214
2013-02-12,14.253737
2013-02-13,14.226628
2013-02-14,14.213835
2013-02-15,14.017955
2013-02-19,14.012777
2013-02-20,13.673419
2013-02-21,13.588428
2013-02-22,13.733129
2013-02-25,13.489116
2013-02-26,13.677074
2013-02-27,13.543037
2013-02-28,13.446469
2013-03-01,13.113503
2013-03-04,12.796074
2013-03-05,13.133914
2013-03-06,12.966976
2013-03-07,13.116858
2013-03-08,13.151582
2013-03-11,13.338931
2013-03-12,13.05136
2013-03-13,13.048922
2013-03-14,13.175348
2013-03-15,13.515312
2013-03-18,13.882698
2013-03-19,13.84523
2013-03-20,13.771815
2013-03-21,13.791612
2013-03-22,14.071268
2013-03-25,14.122144
2013-03-26,14.047812
2013-03-27,13.771815
2013-03-28,13.484854
2013-04-01,13.065982
2013-04-02,13.09279
2013-04-03,13.159809
2013-04-04,13.029731
2013-04-05,12.892036
2013-04-08,12.983732
2013-04-09,13.007187
2013-04-10,13.272524
2013-04-11,13.231096
2013-04-12,13.09309
2013-04-15,12.789986
2013-04-16,12.984644
2013-04-17,12.270589
2013-04-18,11.943107
2013-04-19,11.896801
2013-04-22,12.144772
2013-04-23,12.372033
2013-04-24,12.351621
2013-04-25,12.440568
2013-04-26,12.709255
2013-04-29,13.102838
2013-04-30,13.488506
2013-05-01,13.382188
2013-05-02,13.571974
2013-05-03,13.707844
2013-05-06,14.034717
2013-05-07,13.972263
2013-05-08,14.13006
2013-05-09,14.006793
2013-05-10,13.890265
2013-05-13,13.944537
2013-05-14,13.610904
2013-05-15,13.150624
2013-05-16,13.326334
2013-05-17,13.285858
2013-05-20,13.582385
2013-05-21,13.482117
2013-05-22,13.533936
2013-05-23,13.558161
2013-05-24,13.650462
2013-05-28,13.536695
2013-05-29,13.644327
2013-05-30,13.847641
2013-05-31,13.790911
2013-06-03,13.821269
2013-06-04,13.778033
2013-06-05,13.649238
2013-06-06,13.445316
2013-06-07,13.548043
2013-06-10,13.458502
2013-06-11,13.418941
2013-06-12,13.25305
2013-06-13,13.368653
2013-06-14,13.187426
2013-06-17,13.24722
2013-06-18,13.24017
2013-06-19,12.971236
2013-06-20,12.782341
2013-06-21,12.679919
2013-06-24,12.343835
2013-06-25,12.346595
2013-06-26,12.206761
2013-06-27,12.075211
2013-06-28,12.159537
2013-07-01,12.548675
2013-07-02,12.832937
2013-07-03,12.903775
2013-07-05,12.800126
2013-07-08,12.727452
2013-07-09,12.951306
2013-07-10,12.901628
2013-07-11,13.102789
2013-07-12,13.078874
2013-07-15,13.107389
2013-07-16,13.192023
2013-07-17,13.195395
2013-07-18,13.23986
2013-07-19,13.031034
2013-07-22,13.072739
2013-07-23,12.848271
2013-07-24,13.50818
2013-07-25,13.446542
2013-07-26,13.522899
2013-07-29,13.731421
2013-07-30,13.900997
2013-07-31,13.876772
2013-08-01,14.004029
2013-08-02,14.183723
2013-08-05,14.39562
2013-08-06,14.266829
2013-08-07,14.258547
2013-08-08,14.230147
2013-08-09,14.027657
2013-08-12,14.426156
2013-08-13,15.111726
2013-08-14,15.387368
2013-08-15,15.369157
2013-08-16,15.505591
2013-08-19,15.67258
2013-08-20,15.466691
2013-08-21,15.506515
2013-08-22,15.525033
2013-08-23,15.465156
2013-08-26,15.525343
2013-08-27,15.081467
2013-08-28,15.152777
2013-08-29,15.177468
2013-08-30,15.039186
2013-09-03,15.081164
2013-09-04,15.393233
2013-09-05,15.287666
2013-09-06,15.378727
2013-09-09,15.624121
2013-09-10,15.268216
2013-09-11,14.436959
2013-09-12,14.590677
2013-09-13,14.350221
2013-09-16,13.894004
2013-09-17,14.054513
2013-09-18,14.343433
2013-09-19,14.578642
2013-09-20,14.427699
2013-09-23,15.144748
2013-09-24,15.097213
2013-09-25,14.863543
2013-09-26,15.008315
2013-09-27,14.901208
2013-09-30,14.716002
2013-10-01,15.062026
2013-10-02,15.111414
2013-10-03,14.921579
2013-10-04,14.909849
2013-10-07,15.055551
2013-10-08,14.84534
2013-10-09,15.019741
2013-10-10,15.113879
2013-10-11,15.211729
2013-10-14,15.31143
2013-10-15,15.39292
2013-10-16,15.467935
2013-10-17,15.572574
2013-10-18,15.708078
2013-10-21,16.092997
2013-10-22,16.047003
2013-10-23,16.204119
2013-10-24,16.418644
2013-10-25,16.234985
2013-10-28,16.35598
2013-10-29,15.948535
2013-10-30,16.202269
2013-10-31,16.134357
2013-11-01,16.051947
2013-11-04,16.259375
2013-11-05,16.219234
2013-11-06,16.173294
2013-11-07,15.911555
2013-11-08,16.162117
2013-11-11,16.115231
2013-11-12,16.145039
2013-11-13,16.164289
2013-11-14,16.398077
2013-11-15,16.299654
2013-11-18,16.102196
2013-11-19,16.130753
2013-11-20,15.989485
2013-11-21,16.180122
2013-11-22,16.138514
2013-11-25,16.260845
2013-11-26,16.560764
2013-11-27,16.950726
2013-11-29,17.264616
2013-12-02,17.114342
2013-12-03,17.582853
2013-12-04,17.541866
2013-12-05,17.631907
2013-12-06,17.387255
2013-12-09,17.586267
2013-12-10,17.558941
2013-12-11,17.428852
2013-12-12,17.403391
2013-12-13,17.213696
2013-12-16,17.309015
2013-12-17,17.231087
2013-12-18,17.100061
2013-12-19,16.904148
2013-12-20,17.045729
2013-12-23,17.69989
2013-12-24,17.624769
2013-12-26,17.507715
2013-12-27,17.389418
2013-12-30,17.216492
2013-12-31,17.418301
2014-01-02,17.173328
2014-01-03,16.796106
2014-01-06,16.887703
2014-01-07,16.766918
2014-01-08,16.873095
2014-01-09,16.657631
2014-01-10,16.546486
2014-01-13,16.633104
2014-01-14,16.964071
2014-01-15,17.304661
2014-01-16,17.208107
2014-01-17,16.786478
2014-01-21,17.047281
2014-01-22,17.123037
2014-01-23,17.268032
2014-01-24,16.954132
2014-01-27,17.091681
2014-01-28,15.725583
2014-01-29,15.547064
2014-01-30,15.516943
2014-01-31,15.542403
2014-02-03,15.571278
2014-02-04,15.796684
2014-02-05,15.914671
2014-02-06,16.007431
2014-02-07,16.231375
2014-02-10,16.522156
2014-02-11,16.739845
2014-02-12,16.738602
2014-02-13,17.004404
2014-02-14,16.990656
2014-02-18,17.053122
2014-02-19,16.783892
2014-02-20,16.589621
2014-02-21,16.405346
2014-02-24,16.477179
2014-02-25,16.305702
2014-02-26,16.158602
2014-02-27,16.480928
2014-02-28,16.43626
2014-03-03,16.483734
2014-03-04,16.59243
2014-03-05,16.627409
2014-03-06,16.577126
2014-03-07,16.567451
2014-03-10,16.582441
2014-03-11,16.743914
2014-03-12,16.760153
2014-03-13,16.574005
2014-03-14,16.387857
2014-03-17,16.451876
2014-03-18,16.597427
2014-03-19,16.593056
2014-03-20,16.5131
2014-03-21,16.643337
2014-03-24,16.840733
2014-03-25,17.021893
2014-03-26,16.859165
2014-03-27,16.786705
2014-03-28,16.767962
2014-03-31,16.764212
2014-04-01,16.917568
2014-04-02,16.945681
2014-04-03,16.828243
2014-04-04,16.61055
2014-04-07,16.349739
2014-04-08,16.348808
2014-04-09,16.5637
2014-04-10,16.350061
2014-04-11,16.229189
2014-04-14,16.293839
2014-04-15,16.177654
2014-04-16,16.210442
2014-04-17,16.39566
2014-04-21,16.590244
2014-04-22,16.606806
2014-04-23,16.389723
2014-04-24,17.733391
2014-04-25,17.863636
2014-04-28,18.555447
2014-04-29,18.500477
2014-04-30,18.43051
2014-05-01,18.473936
2014-05-02,18.508287
2014-05-05,18.770021
2014-05-06,18.565445
2014-05-07,18.500477
2014-05-08,18.467503
2014-05-09,18.390547
2014-05-12,18.619518
2014-05-13,18.648722
2014-05-14,18.65218
2014-05-15,18.493565
2014-05-16,18.7665
2014-05-19,18.988882
2014-05-20,18.992641
2014-05-21,19.042892
2014-05-22,19.073044
2014-05-23,19.288498
2014-05-27,19.649691
2014-05-28,19.598814
2014-05-29,19.955921
2014-05-30,19.881168
2014-06-02,19.744545
2014-06-03,20.023758
2014-06-04,20.252407
2014-06-05,20.331871
2014-06-06,20.275963
2014-06-09,20.600407
2014-06-10,20.721333
2014-06-11,20.635588
2014-06-12,20.290411
2014-06-13,20.068356
2014-06-16,20.27063
2014-06-17,20.244238
2014-06-18,20.266232
2014-06-19,20.195875
2014-06-20,19.987017
2014-06-23,19.969421
2014-06-24,19.848509
2014-06-25,19.866091
2014-06-26,19.984816
2014-06-27,20.222256
2014-06-30,20.431118
2014-07-01,20.560831
2014-07-02,20.552044
2014-07-03,20.672956
2014-07-07,21.099478
2014-07-08,20.963165
2014-07-09,20.97196
2014-07-10,20.895014
2014-07-11,20.934589
2014-07-14,21.205006
2014-07-15,20.95657
2014-07-16,20.837843
2014-07-17,20.46629
2014-07-18,20.760899
2014-07-21,20.653177
2014-07-22,20.824657
2014-07-23,21.367702
2014-07-24,21.332521
2014-07-25,21.473234
2014-07-28,21.770033
2014-07-29,21.629328
2014-07-30,21.578762
2014-07-31,21.018124
2014-08-01,21.134657
2014-08-04,21.015942
2014-08-05,20.912605
2014-08-06,20.877422
2014-08-07,20.875219
2014-08-08,20.932663
2014-08-11,21.208851
2014-08-12,21.204428
2014-08-13,21.485033
2014-08-14,21.542475
2014-08-15,21.648531
2014-08-18,21.909262
2014-08-19,22.211954
2014-08-20,22.220789
2014-08-21,22.222998
2014-08-22,22.386501
2014-08-25,22.435114
2014-08-26,22.291492
2014-08-27,22.565468
2014-08-28,22.591984
2014-08-29,22.647221
2014-09-02,22.823982
2014-09-03,21.860645
2014-09-04,21.67947
2014-09-05,21.867273
2014-09-08,21.732494
2014-09-09,21.650743
2014-09-10,22.315798
2014-09-11,22.410809
2014-09-12,22.461624
2014-09-15,22.455002
2014-09-16,22.284863
2014-09-17,22.443951
2014-09-18,22.490351
2014-09-19,22.306955
2014-09-22,22.329054
2014-09-23,22.67816
2014-09-24,22.481508
2014-09-25,21.624226
2014-09-26,22.260563
2014-09-29,22.119165
2014-09-30,22.260563
2014-10-01,21.913666
2014-10-02,22.072758
2014-10-03,22.010889
2014-10-06,22.010889
2014-10-07,21.818666
2014-10-08,22.27161
2014-10-09,22.320215
2014-10-10,22.256144
2014-10-13,22.052872
2014-10-14,21.818666
2014-10-15,21.551315
2014-10-16,21.268501
2014-10-17,21.580044
2014-10-20,22.041822
2014-10-21,22.640589
2014-10-22,22.755493
2014-10-23,23.162033
2014-10-24,23.248205
2014-10-27,23.2239
2014-10-28,23.584042
2014-10-29,23.716612
2014-10-30,23.637075
2014-10-31,23.862438
2014-11-03,24.171768
2014-11-04,23.995008
2014-11-05,24.052458
2014-11-06,24.121243
2014-11-07,24.190037
2014-11-10,24.150095
2014-11-11,24.343157
2014-11-12,24.687111
2014-11-13,25.035501
2014-11-14,25.33729
2014-11-17,25.295134
2014-11-18,25.62355
2014-11-19,25.446028
2014-11-20,25.809956
2014-11-21,25.845457
2014-11-24,26.324776
2014-11-25,26.096218
2014-11-26,26.406887
2014-11-28,26.39135
2014-12-01,25.53479
2014-12-02,25.437149
2014-12-03,25.725632
2014-12-04,25.627991
2014-12-05,25.519253
2014-12-08,24.942301
2014-12-09,25.323982
2014-12-10,24.842443
2014-12-11,24.769217
2014-12-12,24.349808
2014-12-15,24.016954
2014-12-16,23.688522
2014-12-17,24.278797
2014-12-18,24.997772
2014-12-19,24.804724
2014-12-22,25.06213
2014-12-23,24.973366
2014-12-24,24.855755
2014-12-26,25.295134
2014-12-29,25.277386
2014-12-30,24.968927
2014-12-31,24.494053
2015-01-02,24.261044
2015-01-05,23.577578
2015-01-06,23.579786
2015-01-07,23.910435
2015-01-08,24.829123
2015-01-09,24.855755
2015-01-12,24.243296
2015-01-13,24.458542
2015-01-14,24.365337
2015-01-15,23.704062
2015-01-16,23.51988
2015-01-20,24.125687
2015-01-21,24.309868
2015-01-22,24.942301
2015-01-23,25.071005
2015-01-26,25.097631
2015-01-27,24.218882
2015-01-28,25.588041
2015-01-29,26.384693
2015-01-30,25.998571
2015-02-02,26.324776
2015-02-03,26.329212
2015-02-04,26.531147
2015-02-05,26.720514
2015-02-06,26.495504
2015-02-09,26.671507
2015-02-10,27.183907
2015-02-11,27.82106
2015-02-12,28.173058
2015-02-13,28.311186
2015-02-17,28.478268
2015-02-18,28.676544
2015-02-19,28.616404
2015-02-20,28.850311
2015-02-23,29.630053
2015-02-24,29.445145
2015-02-25,28.692142
2015-02-26,29.055279
2015-02-27,28.618622
2015-03-02,28.758972
2015-03-03,28.819124
2015-03-04,28.63644
2015-03-05,28.161913
2015-03-06,28.204248
2015-03-09,28.324551
2015-03-10,27.738632
2015-03-11,27.232918
2015-03-12,27.725266
2015-03-13,27.533667
2015-03-16,27.836653
2015-03-17,28.302271
2015-03-18,28.620846
2015-03-19,28.404757
2015-03-20,28.048302
2015-03-23,28.340149
2015-03-24,28.224308
2015-03-25,27.486885
2015-03-26,27.678476
2015-03-27,27.457926
2015-03-30,28.153004
2015-03-31,27.720808
2015-04-01,27.68071
2015-04-02,27.919085
2015-04-06,28.371328
2015-04-07,28.072805
2015-04-08,27.981466
2015-04-09,28.195339
2015-04-10,28.315638
2015-04-13,28.259945
2015-04-14,28.137411
2015-04-15,28.24435
2015-04-16,28.108446
2015-04-17,27.792101
2015-04-20,28.427032
2015-04-21,28.27331
2015-04-22,28.654263
2015-04-23,28.888186
2015-04-24,29.024084
2015-04-27,29.552074
2015-04-28,29.086466
2015-04-29,28.658726
2015-04-30,27.88121
2015-05-01,28.727787
2015-05-04,28.672085
2015-05-05,28.026026
2015-05-06,27.850029
2015-05-07,28.02228
2015-05-08,28.550245
2015-05-11,28.259422
2015-05-12,28.158747
2015-05-13,28.190067
2015-05-14,28.847784
2015-05-15,28.807516
2015-05-18,29.125189
2015-05-19,29.098343
2015-05-20,29.096107
2015-05-21,29.393642
2015-05-22,29.650917
2015-05-26,28.997673
2015-05-27,29.539051
2015-05-28,29.480883
2015-05-29,29.145325
2015-06-01,29.203482
2015-06-02,29.07373
2015-06-03,29.109526
2015-06-04,28.939505
2015-06-05,28.780668
2015-06-08,28.590523
2015-06-09,28.505505
2015-06-10,28.832123
2015-06-11,28.767246
2015-06-12,28.449575
2015-06-15,28.393644
2015-06-16,28.545778
2015-06-17,28.478659
2015-06-18,28.608406
2015-06-19,28.322058
2015-06-22,28.54801
2015-06-23,28.418253
2015-06-24,28.659864
2015-06-25,28.523403
2015-06-26,28.355612
2015-06-29,27.858973
2015-06-30,28.06031
2015-07-01,28.322058
2015-07-02,28.286264
2015-07-06,28.187828
2015-07-07,28.118477
2015-07-08,27.420498
2015-07-09,26.861216
2015-07-10,27.57933
2015-07-13,28.111771
2015-07-14,28.100582
2015-07-15,28.371271
2015-07-16,28.749346
2015-07-17,28.997673
2015-07-20,29.545773
2015-07-21,29.250463
2015-07-22,28.013336
2015-07-23,27.999916
2015-07-24,27.852266
2015-07-27,27.465233
2015-07-28,27.601702
2015-07-29,27.51446
2015-07-30,27.375753
2015-07-31,27.136379
2015-08-03,26.496563
2015-08-04,25.646454
2015-08-05,25.816475
2015-08-06,25.87265
2015-08-07,25.960297
2015-08-10,26.90415
2015-08-11,25.504103
2015-08-12,25.897371
2015-08-13,25.87715
2015-08-14,26.059181
2015-08-17,26.328848
2015-08-18,26.180527
2015-08-19,25.845694
2015-08-20,25.315334
2015-08-21,23.766979
2015-08-24,23.173708
2015-08-25,23.313034
2015-08-26,24.650148
2015-08-27,25.376011
2015-08-28,25.45916
2015-08-31,25.340055
2015-09-01,24.207439
2015-09-02,25.245672
2015-09-03,24.802961
2015-09-04,24.555761
2015-09-08,25.238934
2015-09-09,24.753523
2015-09-10,25.297356
2015-09-11,25.665909
2015-09-14,25.913103
2015-09-15,26.131086
2015-09-16,26.160311
2015-09-17,25.60074
2015-09-18,25.495117
2015-09-21,25.890636
2015-09-22,25.483871
2015-09-23,25.690626
2015-09-24,25.843439
2015-09-25,25.778271
2015-09-28,25.268137
2015-09-29,24.508572
2015-09-30,24.787228
2015-10-01,24.625429
2015-10-02,24.805204
2015-10-05,24.895096
2015-10-06,25.014202
2015-10-07,24.895096
2015-10-08,24.60745
2015-10-09,25.196226
2015-10-12,25.079374
2015-10-13,25.12207
2015-10-14,24.767008
2015-10-15,25.1378
2015-10-16,24.953526
2015-10-19,25.108587
2015-10-20,25.567026
2015-10-21,25.564785
2015-10-22,25.955799
2015-10-23,26.760323
2015-10-26,25.906361
2015-10-27,25.742313
2015-10-28,26.803015
2015-10-29,27.086172
2015-10-30,26.854704
2015-11-02,27.232239
2015-11-03,27.544613
2015-11-04,27.416521
2015-11-05,27.290131
2015-11-06,27.321735
2015-11-09,27.211145
2015-11-10,26.353525
2015-11-11,26.204575
2015-11-12,26.116564
2015-11-13,25.353733
2015-11-16,25.768993
2015-11-17,25.658417
2015-11-18,26.470888
2015-11-19,26.807159
2015-11-20,26.924524
2015-11-23,26.574699
2015-11-24,26.829735
2015-11-25,26.637897
2015-11-27,26.588243
2015-11-30,26.698835
2015-12-01,26.482172
2015-12-02,26.242937
2015-12-03,25.999201
2015-12-04,26.863585
2015-12-07,26.694311
2015-12-08,26.683033
2015-12-09,26.09399
2015-12-10,26.218119
2015-12-11,25.54331
2015-12-14,25.385334
2015-12-15,24.936213
2015-12-16,25.128046
2015-12-17,24.595423
2015-12-18,23.929646
2015-12-21,24.223038
2015-12-22,24.200474
2015-12-23,24.511917
2015-12-24,24.381014
2015-12-28,24.107943
2015-12-29,24.541262
2015-12-30,24.220785
2015-12-31,23.755871
2016-01-04,23.776184
2016-01-05,23.180365
2016-01-06,22.726732
2016-01-07,21.767561
2016-01-08,21.882654
2016-01-11,22.23699
2016-01-12,22.559725
2016-01-13,21.979708
2016-01-14,22.460419
2016-01-15,21.921022
2016-01-19,21.814955
2016-01-20,21.844297
2016-01-21,21.733702
2016-01-22,22.889221
2016-01-25,22.442369
2016-01-26,22.56649
2016-01-27,21.083727
2016-01-28,21.234934
2016-01-29,21.968426
2016-02-01,21.763037
2016-02-02,21.322958
2016-02-03,21.744989
2016-02-04,21.919708
2016-02-05,21.334276
2016-02-08,21.55892
2016-02-09,21.554386
2016-02-10,21.391008
2016-02-11,21.261673
2016-02-12,21.327471
2016-02-16,21.928787
2016-02-17,22.264612
2016-02-18,21.842566
2016-02-19,21.792643
2016-02-22,21.983244
2016-02-23,21.486307
2016-02-24,21.806257
2016-02-25,21.956017
2016-02-26,21.990061
2016-02-29,21.940136
2016-03-01,22.811476
2016-03-02,22.861397
2016-03-03,23.03158
2016-03-04,23.37422
2016-03-07,23.115541
2016-03-08,22.924929
2016-03-09,22.945354
2016-03-10,22.956697
2016-03-11,23.204033
2016-03-14,23.263031
2016-03-15,23.730465
2016-03-16,24.045883
2016-03-17,24.007309
2016-03-18,24.034531
2016-03-21,24.032265
2016-03-22,24.216057
2016-03-23,24.082184
2016-03-24,23.977808
2016-03-28,23.868887
2016-03-29,24.433903
2016-03-30,24.860489
2016-03-31,24.731152
2016-04-01,24.958065
2016-04-04,25.214476
2016-04-05,24.917223
2016-04-06,25.178169
2016-04-07,24.629038
2016-04-08,24.656275
2016-04-11,24.737963
2016-04-12,25.060175
2016-04-13,25.423237
2016-04-14,25.436846
2016-04-15,24.926298
2016-04-18,24.388514
2016-04-19,24.25918
2016-04-20,24.309101
2016-04-21,24.045883
2016-04-22,23.980072
2016-04-25,23.843927
2016-04-26,23.67828
2016-04-27,22.19655
2016-04-28,21.518082
2016-04-29,21.270748
2016-05-02,21.248051
2016-05-03,21.597496
2016-05-04,21.372849
2016-05-05,21.286102
2016-05-06,21.167389
2016-05-09,21.183369
2016-05-10,21.327194
2016-05-11,21.119448
2016-05-12,20.624052
2016-05-13,20.665142
2016-05-16,21.432213
2016-05-17,21.343178
2016-05-18,21.587448
2016-05-19,21.505266
2016-05-20,21.738125
2016-05-23,22.014355
2016-05-24,22.349955
2016-05-25,22.742619
2016-05-26,22.922968
2016-05-27,22.909271
2016-05-31,22.797407
2016-06-01,22.477798
2016-06-02,22.308865
2016-06-03,22.354511
2016-06-06,22.516607
2016-06-07,22.607925
2016-06-08,22.587381
2016-06-09,22.749464
2016-06-10,22.562269
2016-06-13,22.222101
2016-06-14,22.249504
2016-06-15,22.176449
2016-06-16,22.270046
2016-06-17,21.763237
2016-06-20,21.710726
2016-06-21,21.895647
2016-06-22,21.813465
2016-06-23,21.939024
2016-06-24,21.322634
2016-06-27,21.012154
2016-06-28,21.366005
2016-06-29,21.550924
2016-06-30,21.824879
2016-07-01,21.891085
2016-07-05,21.685617
2016-07-06,21.808891
2016-07-07,21.902494
2016-07-08,22.071436
2016-07-11,22.139927
2016-07-12,22.240372
2016-07-13,22.114809
2016-07-14,22.553135
2016-07-15,22.550852
2016-07-18,22.790558
2016-07-19,22.79969
2016-07-20,22.820234
2016-07-21,22.699244
2016-07-22,22.523455
2016-07-25,22.222101
2016-07-26,22.069149
2016-07-27,23.502838
2016-07-28,23.820158
2016-07-29,23.790483
2016-08-01,24.210545
2016-08-02,23.852129
2016-08-03,24.15119
2016-08-04,24.300388
2016-08-05,24.66993
2016-08-08,24.874214
2016-08-09,24.975199
2016-08-10,24.789278
2016-08-11,24.773216
2016-08-12,24.830599
2016-08-15,25.128988
2016-08-16,25.106035
2016-08-17,25.069313
2016-08-18,25.037174
2016-08-19,25.101448
2016-08-22,24.90634
2016-08-23,24.984383
2016-08-24,24.796169
2016-08-25,24.690584
2016-08-26,24.545986
2016-08-29,24.518438
2016-08-30,24.330223
2016-08-31,24.353178
2016-09-01,24.49778
2016-09-02,24.727306
2016-09-06,24.720423
2016-09-07,24.871922
2016-09-08,24.220045
2016-09-09,23.671467
2016-09-12,24.201681
2016-09-13,24.777803
2016-09-14,25.654617
2016-09-15,26.526831
2016-09-16,26.377634
2016-09-19,26.070068
2016-09-20,26.067768
2016-09-21,26.063175
2016-09-22,26.308781
2016-09-23,25.870369
2016-09-26,25.909393
2016-09-27,25.957598
2016-09-28,26.154991
2016-09-29,25.748722
2016-09-30,25.94842
2016-10-03,25.826754
2016-10-04,25.936935
2016-10-05,25.94842
2016-10-06,26.14122
2016-10-07,26.180233
2016-10-10,26.637003
2016-10-11,26.694384
2016-10-12,26.933096
2016-10-13,26.850468
2016-10-14,26.999655
2016-10-17,26.9813
2016-10-18,26.962938
2016-10-19,26.882597
2016-10-20,26.86883
2016-10-21,26.763243
2016-10-24,27.00425
2016-10-25,27.141968
2016-10-26,26.53142
2016-10-27,26.27664
2016-10-28,26.102196
2016-10-31,26.060879
2016-11-01,25.590345
2016-11-02,25.613297
2016-11-03,25.338755
2016-11-04,25.11035
2016-11-07,25.472557
2016-11-08,25.622524
2016-11-09,25.580997
2016-11-10,24.868105
2016-11-11,25.01576
2016-11-14,24.388233
2016-11-15,24.711227
2016-11-16,25.375669
2016-11-17,25.36644
2016-11-18,25.391815
2016-11-21,25.777103
2016-11-22,25.793251
2016-11-23,25.661751
2016-11-25,25.790945
2016-11-28,25.740185
2016-11-29,25.714811
2016-11-30,25.497938
2016-12-01,25.260311
2016-12-02,25.354904
2016-12-05,25.172644
2016-12-06,25.36644
2016-12-07,25.615606
2016-12-08,25.867077
2016-12-09,26.289276
2016-12-12,26.139315
2016-12-13,26.575357
2016-12-14,26.575357
2016-12-15,26.720703
2016-12-16,26.755304
2016-12-19,26.909882
2016-12-20,26.9814
2016-12-21,27.006775
2016-12-22,26.82914
2016-12-23,26.882198
2016-12-27,27.052923
2016-12-28,26.937567
2016-12-29,26.930645
2016-12-30,26.720703
2017-01-03,26.796835
2017-01-04,26.766836
2017-01-05,26.902956
2017-01-06,27.202873
2017-01-09,27.452042
2017-01-10,27.479734
2017-01-11,27.627384
2017-01-12,27.512032
2017-01-13,27.463583
2017-01-17,27.685064
2017-01-18,27.682756
2017-01-19,27.634308
2017-01-20,27.685064
2017-01-23,27.703526
2017-01-24,27.678146
2017-01-25,28.118795
2017-01-26,28.132645
2017-01-27,28.134945
2017-01-30,28.061119
2017-01-31,27.996525
2017-02-01,29.703766
2017-02-02,29.653013
2017-02-03,29.779898
2017-02-06,30.059061
2017-02-07,30.345137
2017-02-08,30.462797
2017-02-09,30.682915
2017-02-10,30.613401
2017-02-13,30.884506
2017-02-14,31.285362
2017-02-15,31.398901
2017-02-16,31.361835
2017-02-17,31.447548
2017-02-21,31.674633
2017-02-22,31.76964
2017-02-23,31.635248
2017-02-24,31.665365
2017-02-27,31.727928
2017-02-28,31.741831
2017-03-01,32.390621
2017-03-02,32.198292
2017-03-03,32.388298
2017-03-06,32.28635
2017-03-07,32.328068
2017-03-08,32.207569
2017-03-09,32.133411
2017-03-10,32.240013
2017-03-13,32.253914
2017-03-14,32.205246
2017-03-15,32.545864
2017-03-16,32.599148
2017-03-17,32.436966
2017-03-20,32.777573
2017-03-21,32.402195
2017-03-22,32.768299
2017-03-23,32.652443
2017-03-24,32.587582
2017-03-27,32.643185
2017-03-28,33.319771
2017-03-29,33.393921
2017-03-30,33.349888
2017-03-31,33.287327
2017-04-03,33.296604
2017-04-04,33.544533
2017-04-05,33.370766
2017-04-06,33.287327
2017-04-07,33.213177
2017-04-10,33.173794
2017-04-11,32.816978
2017-04-12,32.856358
2017-04-13,32.682568
2017-04-17,32.863304
2017-04-18,32.717319
2017-04-19,32.596844
2017-04-20,33.004654
2017-04-21,32.965252
2017-04-24,33.2827
2017-04-25,33.488922
2017-04-26,33.291958
2017-04-27,33.317448
2017-04-28,33.285015
2017-05-01,33.963921
2017-05-02,34.179405
2017-05-03,34.075142
2017-05-04,33.952324
2017-05-05,34.515392
2017-05-08,35.453812
2017-05-09,35.680889
2017-05-10,35.51173
2017-05-11,35.818855
2017-05-12,36.319096
2017-05-15,36.226021
2017-05-16,36.172512
2017-05-17,34.957989
2017-05-18,35.490799
2017-05-19,35.61179
2017-05-22,35.828167
2017-05-23,35.783958
2017-05-24,35.676922
2017-05-25,35.80024
2017-05-26,35.739746
2017-05-30,35.753708
2017-05-31,35.541977
2017-06-01,35.639706
2017-06-02,36.167858
2017-06-05,35.814205
2017-06-06,35.935192
2017-06-07,36.14925
2017-06-08,36.060837
2017-06-09,34.662506
2017-06-12,33.834209
2017-06-13,34.106438
2017-06-14,33.773731
2017-06-15,33.571312
2017-06-16,33.101318
2017-06-19,34.048275
2017-06-20,33.738827
2017-06-21,33.938919
2017-06-22,33.88308
2017-06-23,34.034298
2017-06-26,33.927288
2017-06-27,33.441006
2017-06-28,33.929611
2017-06-29,33.429375
2017-06-30,33.508495
2017-07-03,33.387501
2017-07-05,33.52478
2017-07-06,33.20834
2017-07-07,33.545715
2017-07-10,33.750458
2017-07-11,33.859818
2017-07-12,33.908669
2017-07-13,34.380981
2017-07-14,34.676456
2017-07-17,34.797447
2017-07-18,34.918442
2017-07-19,35.137146
2017-07-20,34.978939
2017-07-21,34.962654
2017-07-24,35.386105
2017-07-25,35.537327
2017-07-26,35.704849
2017-07-27,35.030125
2017-07-28,34.783489
2017-07-31,34.60434
2017-08-01,34.911461
2017-08-02,36.561062
2017-08-03,36.195766
2017-08-04,36.386562
2017-08-07,36.949615
2017-08-08,37.245094
2017-08-09,37.473103
2017-08-10,36.279518
2017-08-11,36.784061
2017-08-14,37.337631
2017-08-15,37.746399
2017-08-16,37.59457
2017-08-17,36.872807
2017-08-18,36.788731
2017-08-21,36.720993
2017-08-22,37.321278
2017-08-23,37.368004
2017-08-24,37.20216
2017-08-25,37.33997
2017-08-28,37.71603
2017-08-29,38.052387
2017-08-30,38.155159
2017-08-31,38.306988
2017-09-01,38.318676
2017-09-05,37.858521
2017-09-06,37.818817
2017-09-07,37.666973
2017-09-08,37.052677
2017-09-11,37.723034
2017-09-12,37.573547
2017-09-13,37.29092
2017-09-14,36.970909
2017-09-15,37.344646
2017-09-18,37.062008
2017-09-19,37.076019
2017-09-20,36.454704
2017-09-21,35.828712
2017-09-22,35.478348
2017-09-25,35.16534
2017-09-26,35.770321
2017-09-27,36.024921
2017-09-28,35.803013
2017-09-29,35.999218
2017-10-02,35.926811
2017-10-03,36.083317
2017-10-04,35.849731
2017-10-05,36.295876
2017-10-06,36.274853
2017-10-09,36.40097
2017-10-10,36.415005
2017-10-11,36.56683
2017-10-12,36.438366
2017-10-13,36.669598
2017-10-16,37.344646
2017-10-17,37.482452
2017-10-18,37.316608
2017-10-19,36.433674
2017-10-20,36.496754
2017-10-23,36.478054
2017-10-24,36.695297
2017-10-25,36.534122
2017-10-26,36.767704
2017-10-27,38.085098
2017-10-30,38.942318
2017-10-31,39.484234
2017-11-01,38.982033
2017-11-02,39.266994
2017-11-03,40.292408
2017-11-06,40.701168
2017-11-07,40.831982
2017-11-08,41.165997
2017-11-09,41.081917
2017-11-10,40.945946
2017-11-13,40.781853
2017-11-14,40.16534
2017-11-15,39.635551
2017-11-16,40.109081
2017-11-17,39.886364
2017-11-20,39.846523
2017-11-21,40.587276
2017-11-22,41.013931
2017-11-24,41.016285
2017-11-27,40.809978
2017-11-28,40.570881
2017-11-29,39.729309
2017-11-30,40.284885
2017-12-01,40.097351
2017-12-04,39.804329
2017-12-05,39.766815
2017-12-06,39.619125
2017-12-07,39.691807
2017-12-08,39.703529
2017-12-11,40.477112
2017-12-12,40.249722
2017-12-13,40.383339
2017-12-14,40.371635
2017-12-15,40.781853
2017-12-18,41.356178
2017-12-19,40.915474
2017-12-20,40.870934
2017-12-21,41.02565
2017-12-22,41.02565
2017-12-26,39.984825
2017-12-27,39.991859
2017-12-28,40.104393
2017-12-29,39.670704
2018-01-02,40.380989
2018-01-03,40.373962
2018-01-04,40.561501
2018-01-05,41.0233
2018-01-08,40.870934
2018-01-09,40.866245
2018-01-10,40.856861
2018-01-11,41.088943
2018-01-12,41.513245
2018-01-16,41.302273
2018-01-17,41.984417
2018-01-18,42.021927
2018-01-19,41.834393
2018-01-22,41.492134
2018-01-23,41.501511
2018-01-24,40.840462
2018-01-25,40.11142
2018-01-26,40.205177
2018-01-29,39.373001
2018-01-30,39.140919
2018-01-31,39.248749
2018-02-01,39.330803
2018-02-02,37.624233
2018-02-05,36.684216
2018-02-06,38.217312
2018-02-07,37.399189
2018-02-08,36.37009
2018-02-09,36.814941
2018-02-12,38.297817
2018-02-13,38.681469
2018-02-14,39.39465
2018-02-15,40.717464
2018-02-16,40.585636
2018-02-20,40.449142
2018-02-21,40.265545
2018-02-22,40.602116
2018-02-23,41.30825
2018-02-26,42.124992
2018-02-27,41.988476
2018-02-28,41.924923
2018-03-01,41.190552
2018-03-02,41.475376
2018-03-05,41.618938
2018-03-06,41.583633
2018-03-07,41.197624
2018-03-08,41.647182
2018-03-09,42.362728
2018-03-12,42.772266
2018-03-13,42.360378
2018-03-14,42.000256
2018-03-15,42.049667
2018-03-16,41.901402
2018-03-19,41.261177
2018-03-20,41.247051
2018-03-21,40.312611
2018-03-22,39.743008
2018-03-23,38.822689
2018-03-26,40.665684
2018-03-27,39.622971
2018-03-28,39.185165
2018-03-29,39.491161
2018-04-02,39.232231
2018-04-03,39.634735
2018-04-04,40.392643
2018-04-05,40.672729
2018-04-06,39.632381
2018-04-09,40.025459
2018-04-10,40.778656
2018-04-11,40.58799
2018-04-12,40.988148
2018-04-13,41.127014
2018-04-16,41.383568
2018-04-17,41.953178
2018-04-18,41.85902
2018-04-19,40.672729
2018-04-20,39.00629
2018-04-23,38.893311
2018-04-24,38.351948
2018-04-25,38.519047
2018-04-26,38.653217
2018-04-27,38.206017
2018-04-30,38.898006
2018-05-01,39.801853
2018-05-02,41.560097
2018-05-03,41.635422
2018-05-04,43.268917
2018-05-07,43.581978
2018-05-08,43.791447
2018-05-09,44.0998
2018-05-10,44.730606
2018-05-11,44.560474
2018-05-14,44.456509
2018-05-15,44.052475
2018-05-16,44.463604
2018-05-17,44.182434
2018-05-18,44.021748
2018-05-21,44.333641
2018-05-22,44.222588
2018-05-23,44.506119
2018-05-24,44.456509
2018-05-25,44.558121
2018-05-29,44.397434
2018-05-30,44.302921
2018-05-31,44.154068
2018-06-01,44.95034
2018-06-04,45.326023
2018-06-05,45.675728
2018-06-06,45.834015
2018-06-07,45.711174
2018-06-08,45.295307
2018-06-11,45.184261
2018-06-12,45.432354
2018-06-13,45.059036
2018-06-14,45.082653
2018-06-15,44.619541
2018-06-18,44.595909
2018-06-19,43.875244
2018-06-20,44.06665
2018-06-21,43.820915
2018-06-22,43.69331
2018-06-25,43.043533
2018-06-26,43.577545
2018-06-27,43.513748
2018-06-28,43.83036
2018-06-29,43.738201
2018-07-02,44.227314
2018-07-03,43.457043
2018-07-05,43.806736
2018-07-06,44.413986
2018-07-09,45.030674
2018-07-10,44.976326
2018-07-11,44.392704
2018-07-12,45.13699
2018-07-13,45.207886
2018-07-16,45.108646
2018-07-17,45.236233
2018-07-18,44.988136
2018-07-19,45.337841
2018-07-20,45.233879
2018-07-23,45.274052
2018-07-24,45.602474
2018-07-25,46.032501
2018-07-26,45.888374
2018-07-27,45.125187
2018-07-30,44.87236
2018-07-31,44.962158
2018-08-01,47.610878
2018-08-02,49.002563
2018-08-03,49.14436
2018-08-06,49.399525
2018-08-07,48.93642
2018-08-08,48.969494
2018-08-09,49.354633
2018-08-10,49.207623
2018-08-13,49.525349
2018-08-14,49.73402
2018-08-15,49.850197
2018-08-16,50.580494
2018-08-17,51.590599
2018-08-20,51.087925
2018-08-21,50.988335
2018-08-22,50.990704
2018-08-23,51.095039
2018-08-24,51.253895
2018-08-27,51.675953
2018-08-28,52.093281
2018-08-29,52.871002
2018-08-30,53.357067
2018-08-31,53.973549
2018-09-04,54.146656
2018-09-05,53.79335
2018-09-06,52.899452
2018-09-07,52.472645
2018-09-10,51.768429
2018-09-11,53.077278
2018-09-12,52.418114
2018-09-13,53.68428
2018-09-14,53.074909
2018-09-17,51.661728
2018-09-18,51.747086
2018-09-19,51.777901
2018-09-20,52.17152
2018-09-21,51.609566
2018-09-24,52.351715
2018-09-25,52.683674
2018-09-26,52.263996
2018-09-27,53.338097
2018-09-28,53.525433
2018-10-01,53.88583
2018-10-02,54.364803
2018-10-03,55.02634
2018-10-04,54.058922
2018-10-05,53.18161
2018-10-08,53.058315
2018-10-09,53.79335
2018-10-10,51.301315
2018-10-11,50.848434
2018-10-12,52.664703
2018-10-15,51.538429
2018-10-16,52.674187
2018-10-17,52.446575
2018-10-18,51.220707
2018-10-19,52.000801
2018-10-22,52.318523
2018-10-23,52.811718
2018-10-24,51.000187
2018-10-25,52.116982
2018-10-26,51.287094
2018-10-29,50.324436
2018-10-30,50.575764
2018-10-31,51.8941
2018-11-01,52.690788
2018-11-02,49.195774
2018-11-05,47.799194
2018-11-06,48.316101
2018-11-07,49.781437
2018-11-08,49.607746
2018-11-09,48.651245
2018-11-12,46.20047
2018-11-13,45.738865
2018-11-14,44.446861
2018-11-15,45.543758
2018-11-16,46.048195
2018-11-19,44.223209
2018-11-20,42.11031
2018-11-21,42.062717
2018-11-23,40.994381
2018-11-26,41.548782
2018-11-27,41.458363
2018-11-28,43.052547
2018-11-29,42.721813
2018-11-30,42.491009
2018-12-03,43.975742
2018-12-04,42.041309
2018-12-06,41.572575
2018-12-07,40.090233
2018-12-10,40.354332
2018-12-11,40.123531
2018-12-12,40.235363
2018-12-13,40.675537
2018-12-14,39.37402
2018-12-17,39.007587
2018-12-18,39.514404
2018-12-19,38.281895
2018-12-20,37.315849
2018-12-21,35.864422
2018-12-24,34.936478
2018-12-26,37.396748
2018-12-27,37.154057
2018-12-28,37.1731
2018-12-31,37.532379
2019-01-02,37.575207
2019-01-03,33.832451
2019-01-04,35.276733
2019-01-07,35.198212
2019-01-08,35.86919
2019-01-09,36.478317
2019-01-10,36.594898
2019-01-11,36.235622
2019-01-14,35.690735
2019-01-15,36.421211
2019-01-16,36.86615
2019-01-17,37.085056
2019-01-18,37.313469
2019-01-22,36.475937
2019-01-23,36.623451
2019-01-24,36.333164
2019-01-25,37.537144
2019-01-28,37.189758
2019-01-29,36.804283
2019-01-30,39.319294
2019-01-31,39.602436
2019-02-01,39.621487
2019-02-04,40.746922
2019-02-05,41.444077
2019-02-06,41.458363
2019-02-07,40.673161
2019-02-08,40.72094
2019-02-11,40.486778
2019-02-12,40.835667
2019-02-13,40.666
2019-02-14,40.814144
2019-02-15,40.723339
2019-02-19,40.845207
2019-02-20,41.108063
2019-02-21,40.876282
2019-02-22,41.332699
2019-02-25,41.633781
2019-02-26,41.657681
2019-02-27,41.786705
2019-02-28,41.375706
2019-03-01,41.810612
2019-03-04,42.020893
2019-03-05,41.94442
2019-03-06,41.703075
2019-03-07,41.220379
2019-03-08,41.318359
2019-03-11,42.749714
2019-03-12,43.230022
2019-03-13,43.421192
2019-03-14,43.903889
2019-03-15,44.474991
2019-03-18,44.929028
2019-03-19,44.572968
2019-03-20,44.962463
2019-03-21,46.618439
2019-03-22,45.653061
2019-03-25,45.101063
2019-03-26,44.635101
2019-03-27,45.036552
2019-03-28,45.096287
2019-03-29,45.390202
2019-04-01,45.698471
2019-04-02,46.362762
2019-04-03,46.680588
2019-04-04,46.761837
2019-04-05,47.074863
2019-04-08,47.815643
2019-04-09,47.67226
2019-04-10,47.939903
2019-04-11,47.540836
2019-04-12,47.521721
2019-04-15,47.607742
2019-04-16,47.612522
2019-04-17,48.539684
2019-04-18,48.714123
2019-04-22,48.874233
2019-04-23,49.579159
2019-04-24,49.502686
2019-04-25,49.053452
2019-04-26,48.819267
2019-04-29,48.893341
2019-04-30,47.951847
2019-05-01,50.305595
2019-05-02,49.978214
2019-05-03,50.599522
2019-05-06,49.818123
2019-05-07,48.475166
2019-05-08,48.484726
2019-05-09,47.963799
2019-05-10,47.299328
2019-05-13,44.55032
2019-05-14,45.255558
2019-05-15,45.797691
2019-05-16,45.596191
2019-05-17,45.337128
2019-05-20,43.919434
2019-05-21,44.761414
2019-05-22,43.84507
2019-05-23,43.096642
2019-05-24,42.931133
2019-05-28,42.753624
2019-05-29,42.549721
2019-05-30,42.77042
2019-05-31,41.995613
2019-06-03,41.571014
2019-06-04,43.091854
2019-06-05,43.787502
2019-06-06,44.430374
2019-06-07,45.612991
2019-06-10,46.195889
2019-06-11,46.730812
2019-06-12,46.582092
2019-06-13,46.572498
2019-06-14,46.234272
2019-06-17,46.51012
2019-06-18,47.603977
2019-06-19,47.464851
2019-06-20,47.84626
2019-06-21,47.683136
2019-06-24,47.635166
2019-06-25,46.913128
2019-06-26,47.927818
2019-06-27,47.913422
2019-06-28,47.476837
2019-07-01,48.34761
2019-07-02,48.630661
2019-07-03,49.033653
2019-07-05,48.990479
2019-07-08,47.980595
2019-07-09,48.273239
2019-07-10,48.750603
2019-07-11,48.395573
2019-07-12,48.767391
2019-07-15,49.225571
2019-07-16,49.055244
2019-07-17,48.779385
2019-07-18,49.333504
2019-07-19,48.597061
2019-07-22,49.707714
2019-07-23,50.096317
2019-07-24,50.055538
2019-07-25,49.659733
2019-07-26,49.83247
2019-07-29,50.297817
2019-07-30,50.081924
2019-07-31,51.103802
2019-08-01,49.997978
2019-08-02,48.940102
2019-08-05,46.378201
2019-08-06,47.256153
2019-08-07,47.745506
2019-08-08,48.798576
2019-08-09,48.396454
2019-08-12,48.273651
2019-08-13,50.31797
2019-08-14,48.820236
2019-08-15,48.577049
2019-08-16,49.723213
2019-08-19,50.650253
2019-08-20,50.65266
2019-08-21,51.201656
2019-08-22,51.158314
2019-08-23,48.793762
2019-08-26,49.720798
2019-08-27,49.159767
2019-08-28,49.489647
2019-08-29,50.327599
2019-08-30,50.262577
2019-09-03,49.530575
2019-09-04,50.370934
2019-09-05,51.355774
2019-09-06,51.350948
2019-09-09,51.570072
2019-09-10,52.17926
2019-09-11,53.838306
2019-09-12,53.717922
2019-09-13,52.672882
2019-09-16,52.949806
2019-09-17,53.142433
2019-09-18,53.640877
2019-09-19,53.205032
2019-09-20,52.427296
2019-09-23,52.665668
2019-09-24,52.415237
2019-09-25,53.221893
2019-09-26,52.947388
2019-09-27,52.689747
2019-09-30,53.92981
2019-10-01,54.079098
2019-10-02,52.723457
2019-10-03,53.171333
2019-10-04,54.661816
2019-10-07,54.673851
2019-10-08,54.033344
2019-10-09,54.666634
2019-10-10,55.403461
2019-10-11,56.877087
2019-10-14,56.795219
2019-10-15,56.662788
2019-10-16,56.434036
2019-10-17,56.653152
2019-10-18,56.925243
2019-10-21,57.912483
2019-10-22,57.780056
2019-10-23,58.555389
2019-10-24,58.651711
2019-10-25,59.374077
2019-10-28,59.968838
2019-10-29,58.581879
2019-10-30,58.574661
2019-10-31,59.899006
2019-11-01,61.598995
2019-11-04,62.003517
2019-11-05,61.914436
2019-11-06,61.940907
2019-11-07,62.655781
2019-11-08,62.827259
2019-11-11,63.324791
2019-11-12,63.266815
2019-11-13,63.873013
2019-11-14,63.43103
2019-11-15,64.184586
2019-11-18,64.508194
2019-11-19,64.312553
2019-11-20,63.563892
2019-11-21,63.278919
2019-11-22,63.223339
2019-11-25,64.331902
2019-11-26,63.829536
2019-11-27,64.686935
2019-11-29,64.544426
2019-12-02,63.798153
2019-12-03,62.660614
2019-12-04,63.21368
2019-12-05,64.141083
2019-12-06,65.380066
2019-12-09,64.464729
2019-12-10,64.841507
2019-12-11,65.394547
2019-12-12,65.561195
2019-12-13,66.452362
2019-12-16,67.589874
2019-12-17,67.722748
2019-12-18,67.560913
2019-12-19,67.628532
2019-12-20,67.488457
2019-12-23,68.589775
2019-12-24,68.654968
2019-12-26,70.017105
2019-12-27,69.990547
2019-12-30,70.405937
2019-12-31,70.920349
2020-01-02,72.538521
2020-01-03,71.833305
2020-01-06,72.405693
2020-01-07,72.065147
2020-01-08,73.224419
2020-01-09,74.779762
2020-01-10,74.948799
2020-01-13,76.550034
2020-01-14,75.51638
2020-01-15,75.192749
2020-01-16,76.134666
2020-01-17,76.977524
2020-01-21,76.455864
2020-01-22,76.72876
2020-01-23,77.098282
2020-01-24,76.876076
2020-01-27,74.615532
2020-01-28,76.726372
2020-01-29,78.33242
2020-01-30,78.218903
2020-01-31,74.750778
2020-02-03,74.545494
2020-02-04,77.006523
2020-02-05,77.634445
2020-02-06,78.542534
2020-02-07,77.474915
2020-02-10,77.842903
2020-02-11,77.37326
2020-02-12,79.21067
2020-02-13,78.646629
2020-02-14,78.665993
2020-02-18,77.225578
2020-02-19,78.344017
2020-02-20,77.540276
2020-02-21,75.785179
2020-02-24,72.185341
2020-02-25,69.740265
2020-02-26,70.846619
2020-02-27,66.215485
2020-02-28,66.176781
2020-03-02,72.337845
2020-03-03,70.040451
2020-03-04,73.289261
2020-03-05,70.911972
2020-03-06,69.970253
2020-03-09,64.436142
2020-03-10,69.076942
2020-03-11,66.677879
2020-03-12,60.093117
2020-03-13,67.29277
2020-03-16,58.635754
2020-03-17,61.213978
2020-03-18,59.715466
2020-03-19,59.257931
2020-03-20,55.495903
2020-03-23,54.31694
2020-03-24,59.766304
2020-03-25,59.437073
2020-03-26,62.564831
2020-03-27,59.974503
2020-03-30,61.686058
2020-03-31,61.560165
2020-04-01,58.321056
2020-04-02,59.294231
2020-04-03,58.442097
2020-04-06,63.540432
2020-04-07,62.804482
2020-04-08,64.411926
2020-04-09,64.876732
2020-04-13,66.150131
2020-04-14,69.490929
2020-04-15,68.856651
2020-04-16,69.403748
2020-04-17,68.462044
2020-04-20,67.040993
2020-04-21,64.96875
2020-04-22,66.840073
2020-04-23,66.581024
2020-04-24,68.503204
2020-04-27,68.55162
2020-04-28,67.44043
2020-04-29,69.65554
2020-04-30,71.125
2020-05-01,69.979927
2020-05-04,70.97007
2020-05-05,72.035255
2020-05-06,72.778458
2020-05-07,73.531342
2020-05-08,75.281509
2020-05-11,76.466087
2020-05-12,75.592255
2020-05-13,74.679512
2020-05-14,75.13829
2020-05-15,74.694061
2020-05-18,76.453964
2020-05-19,76.012161
2020-05-20,77.490463
2020-05-21,76.912743
2020-05-22,77.407913
2020-05-26,76.883606
2020-05-27,77.218582
2020-05-28,77.252586
2020-05-29,77.177322
2020-06-01,78.126457
2020-06-02,78.488106
2020-06-03,78.920204
2020-06-04,78.240532
2020-06-05,80.46891
2020-06-08,80.944695
2020-06-09,83.500755
2020-06-10,85.64901
2020-06-11,81.536942
2020-06-12,82.240921
2020-06-15,83.258011
2020-06-16,85.464523
2020-06-17,85.345589
2020-06-18,85.37957
2020-06-19,84.89167
2020-06-22,87.11274
2020-06-23,88.972137
2020-06-24,87.401588
2020-06-25,88.561897
2020-06-26,85.840775
2020-06-29,87.81913
2020-06-30,88.552193
2020-07-01,88.384705
2020-07-02,88.384705
2020-07-06,90.748993
2020-07-07,90.46743
2020-07-08,92.574432
2020-07-09,92.972542
2020-07-10,93.135155
2020-07-13,92.705528
2020-07-14,94.239647
2020-07-15,94.887764
2020-07-16,93.720169
2020-07-17,93.530838
2020-07-20,95.501915
2020-07-21,94.183823
2020-07-22,94.448395
2020-07-23,90.149452
2020-07-24,89.926132
2020-07-27,92.057411
2020-07-28,90.545105
2020-07-29,92.280701
2020-07-30,93.397339
2020-07-31,103.17498
2020-08-03,105.774742
2020-08-04,106.481102
2020-08-05,106.867065
2020-08-06,110.595581
2020-08-07,108.0811
2020-08-10,109.652039
2020-08-11,106.390999
2020-08-12,109.926849
2020-08-13,111.872269
2020-08-14,111.772583
2020-08-17,111.480759
2020-08-18,112.409714
2020-08-19,112.550758
2020-08-20,115.048203
2020-08-21,120.976913
2020-08-24,122.423836
2020-08-25,121.419479
2020-08-26,123.070694
2020-08-27,121.599472
2020-08-28,121.402466
2020-08-31,125.519516
2020-09-01,130.519241
2020-09-02,127.815079
2020-09-03,117.582123
2020-09-04,117.659935
2020-09-08,109.742027
2020-09-09,114.119247
2020-09-10,110.393723
2020-09-11,108.944412
2020-09-14,112.212723
2020-09-15,112.387833
2020-09-16,109.070847
2020-09-17,107.329666
2020-09-18,103.925148
2020-09-21,107.076775
2020-09-22,108.759583
2020-09-23,104.19754
2020-09-24,105.267509
2020-09-25,109.216743
2020-09-28,111.823631
2020-09-29,110.977386
2020-09-30,112.650444
2020-10-01,113.603706
2020-10-02,109.936562
2020-10-05,113.321625
2020-10-06,110.072754
2020-10-07,111.940361
2020-10-08,111.833366
2020-10-09,113.778793
2020-10-12,121.006088
2020-10-13,117.796127
2020-10-14,117.883675
2020-10-15,117.416771
2020-10-16,115.772858
2020-10-19,112.815811
2020-10-20,114.304062
2020-10-21,113.681534
2020-10-22,112.592087
2020-10-23,111.901451
2020-10-26,111.911179
2020-10-27,113.418907
2020-10-28,108.166222
2020-10-29,112.173813
2020-10-30,105.890076
2020-11-02,105.802505
2020-11-03,107.426949
2020-11-04,111.813927
2020-11-05,115.782593
2020-11-06,115.65107
2020-11-09,113.341736
2020-11-10,113.000702
2020-11-11,116.430588
2020-11-12,116.157745
2020-11-13,116.206467
2020-11-16,117.219818
2020-11-17,116.33313
2020-11-18,115.00795
2020-11-19,115.602341
2020-11-20,114.335617
2020-11-23,110.934975
2020-11-24,112.221169
2020-11-25,113.059166
2020-11-27,113.604813
2020-11-30,116.001846
2020-12-01,119.577866
2020-12-02,119.928665
2020-12-03,119.792236
2020-12-04,119.119911
2020-12-07,120.581512
2020-12-08,121.195351
2020-12-09,118.661934
2020-12-10,120.084541
2020-12-11,119.27581
2020-12-14,118.661934
2020-12-15,124.605759
2020-12-16,124.537537
2020-12-17,125.404778
2020-12-18,123.417
2020-12-21,124.946785
2020-12-22,128.503357
2020-12-23,127.606911
2020-12-24,128.591064
2020-12-28,133.190186
2020-12-29,131.416763
2020-12-30,130.296249
2020-12-31,129.292618
2021-01-04,126.096581
2021-01-05,127.655563
2021-01-06,123.358536
2021-01-07,127.567932
2021-01-08,128.669006
2021-01-11,125.677605
2021-01-12,125.50219
2021-01-13,127.538681
2021-01-14,125.609383
2021-01-15,123.88472
2021-01-19,124.557037
2021-01-20,128.649521
2021-01-21,133.365601
2021-01-22,135.509247
2021-01-25,139.260666
2021-01-26,139.494522
2021-01-27,138.422699
2021-01-28,133.579941
2021-01-29,128.581314
2021-02-01,130.70549
2021-02-02,131.533691
2021-02-03,130.51062
2021-02-04,133.872253
2021-02-05,133.457504
2021-02-08,133.603882
2021-02-09,132.725632
2021-02-10,132.120621
2021-02-11,131.866898
2021-02-12,132.101059
2021-02-16,129.973709
2021-02-17,127.680458
2021-02-18,126.577759
2021-02-19,126.733879
2021-02-22,122.957359
2021-02-23,122.820724
2021-02-24,122.323067
2021-02-25,118.068329
2021-02-26,118.331825
2021-03-01,124.704132
2021-03-02,122.098602
2021-03-03,119.112495
2021-03-04,117.229111
2021-03-05,118.487938
2021-03-08,113.55014
2021-03-09,118.165916
2021-03-10,117.082733
2021-03-11,119.014931
2021-03-12,118.107361
2021-03-15,120.995895
2021-03-16,122.537727
2021-03-17,121.747299
2021-03-18,117.619461
2021-03-19,117.092476
2021-03-22,120.410378
2021-03-23,119.580887
2021-03-24,117.190056
2021-03-25,117.678001
2021-03-26,118.283012
2021-03-29,118.458687
2021-03-30,117.004669
2021-03-31,119.200325
2021-04-01,120.029785
2021-04-05,122.859772
2021-04-06,123.162277
2021-04-07,124.81147
2021-04-08,127.212074
2021-04-09,129.78833
2021-04-12,128.070801
2021-04-13,131.183777
2021-04-14,128.841766
2021-04-15,131.25209
2021-04-16,130.920303
2021-04-19,131.583878
2021-04-20,129.895691
2021-04-21,130.27623
2021-04-22,128.753922
2021-04-23,131.076462
2021-04-26,131.466782
2021-04-27,131.144745
2021-04-28,130.354309
2021-04-29,130.256683
2021-04-30,128.285507
2021-05-03,129.339417
2021-05-04,124.76268
2021-05-05,125.006668
2021-05-06,126.607056
2021-05-07,127.281548
2021-05-10,123.997101
2021-05-11,123.078232
2021-05-12,120.00885
2021-05-13,122.159378
2021-05-14,124.583588
2021-05-17,123.430122
2021-05-18,122.042068
2021-05-19,121.885681
2021-05-20,124.446732
2021-05-21,122.609009
2021-05-24,124.241463
2021-05-25,124.045967
2021-05-26,123.997101
2021-05-27,122.46241
2021-05-28,121.807449
2021-06-01,121.484894
2021-06-02,122.247337
2021-06-03,120.761551
2021-06-04,123.058693
2021-06-07,123.068451
2021-06-08,123.889565
2021-06-09,124.270798
2021-06-10,123.273727
2021-06-11,124.485847
2021-06-14,127.54541
2021-06-15,126.724342
2021-06-16,127.22287
2021-06-17,128.826019
2021-06-18,127.525909
2021-06-21,129.324493
2021-06-22,130.966721
2021-06-23,130.693024
2021-06-24,130.409576
2021-06-25,130.116302
2021-06-28,131.748764
2021-06-29,133.263916
2021-06-30,133.8797
2021-07-01,134.182739
2021-07-02,136.812256
2021-07-06,138.825912
2021-07-07,141.318558
2021-07-08,140.018478
2021-07-09,141.846405
2021-07-12,141.250122
2021-07-13,142.364517
2021-07-14,145.795532
2021-07-15,145.140625
2021-07-16,143.09761
2021-07-19,139.246231
2021-07-20,142.863022
2021-07-21,142.129898
2021-07-22,143.498428
2021-07-23,145.218826
2021-07-26,145.63913
2021-07-27,143.46907
2021-07-28,141.71933
2021-07-29,142.364517
2021-07-30,142.579559
2021-08-02,142.247177
2021-08-03,144.045822
2021-08-04,143.645035
2021-08-05,143.752533
2021-08-06,143.067276
2021-08-09,143.018311
2021-08-10,142.53862
2021-08-11,142.793182
2021-08-12,145.75946
2021-08-13,145.965057
2021-08-16,147.942581
2021-08-17,147.032135
2021-08-18,143.282639
2021-08-19,143.615509
2021-08-20,145.074203
2021-08-23,146.562225
2021-08-24,146.474106
2021-08-25,145.240616
2021-08-26,144.437851
2021-08-27,145.475586
2021-08-30,149.900543
2021-08-31,148.637634
2021-09-01,149.303375
2021-09-02,150.419388
2021-09-03,151.055695
2021-09-07,153.395447
2021-09-08,151.848648
2021-09-09,150.830536
2021-09-10,145.837784
2021-09-13,146.405594
2021-09-14,145.005646
2021-09-15,145.8965
2021-09-16,145.66156
2021-09-17,142.988968
2021-09-20,139.934586
2021-09-21,140.414246
2021-09-22,142.783356
2021-09-23,143.742767
2021-09-24,143.830887
2021-09-27,142.313461
2021-09-28,138.926239
2021-09-29,139.826874
2021-09-30,138.524841
2021-10-01,139.650665
2021-10-04,136.214447
2021-10-05,138.143066
2021-10-06,139.014343
2021-10-07,140.277206
2021-10-08,139.895386
2021-10-11,139.807281
2021-10-12,138.534653
2021-10-13,137.947266
2021-10-14,140.737335
2021-10-15,141.794617
2021-10-18,143.468674
2021-10-19,145.632202
2021-10-20,146.121643
2021-10-21,146.337051
2021-10-22,145.56366
2021-10-25,145.514694
2021-10-26,146.180405
2021-10-27,145.720322
2021-10-28,149.362076
2021-10-29,146.650299
2021-11-01,145.828003
2021-11-02,146.865723
2021-11-03,148.304764
2021-11-04,147.78595
2021-11-05,148.315323
2021-11-08,147.491821
2021-11-09,147.854553
2021-11-10,145.021179
2021-11-11,144.972183
2021-11-12,147.050659
2021-11-15,147.060425
2021-11-16,148.040833
2021-11-17,150.48204
2021-11-18,154.776215
2021-11-19,157.403671
2021-11-22,157.864487
2021-11-23,158.246841
2021-11-24,158.766449
2021-11-26,153.736984
2021-11-29,157.099762
2021-11-30,162.060593
2021-12-01,161.541
2021-12-02,160.550766
2021-12-03,158.668411
2021-12-06,162.0802
2021-12-07,167.825378
2021-12-08,171.648926
2021-12-09,171.13913
2021-12-10,175.933289
2021-12-13,172.296021
2021-12-14,170.91362
2021-12-15,175.78624
2021-12-16,168.884186
2021-12-17,167.786148
2021-12-20,166.423416
2021-12-21,169.599899
2021-12-22,172.197968
2021-12-23,172.825439
2021-12-27,176.796066
2021-12-28,175.776428
2021-12-29,175.864655
2021-12-30,174.707809
2021-12-31,174.090149
2022-01-03,178.44313
2022-01-04,176.178421
2022-01-05,171.492065
2022-01-06,168.629318
2022-01-07,168.79599
2022-01-10,168.815552
2022-01-11,171.648926
2022-01-12,172.090134
2022-01-13,168.815552
2022-01-14,169.678345
2022-01-18,166.472366
2022-01-19,162.972382
2022-01-20,161.286072
2022-01-21,159.227264
2022-01-24,158.452698
2022-01-25,156.648788
2022-01-26,156.560562
2022-01-27,156.099731
2022-01-28,166.992004
2022-01-31,171.354813
2022-02-01,171.188171
2022-02-02,172.394058
2022-02-03,169.511658
2022-02-04,169.226974
2022-02-07,168.510391
2022-02-08,171.622223
2022-02-09,173.045624
2022-02-10,168.961929
2022-02-11,165.545807
2022-02-14,165.781403
2022-02-15,169.619644
2022-02-16,169.384048
2022-02-17,165.781403
2022-02-18,164.230392
2022-02-22,161.305054
2022-02-23,157.133041
2022-02-24,159.754059
2022-02-25,161.825333
2022-02-28,162.090363
2022-03-01,160.205612
2022-03-02,163.503937
2022-03-03,163.180023
2022-03-04,160.176147
2022-03-07,156.377167
2022-03-08,154.55127
2022-03-09,159.960205
2022-03-10,155.611481
2022-03-11,151.890976
2022-03-14,147.856445
2022-03-15,152.244431
2022-03-16,156.66185
2022-03-17,157.672958
2022-03-18,160.971268
2022-03-21,162.345596
2022-03-22,165.722504
2022-03-23,167.086975
2022-03-24,170.876205
2022-03-25,171.514267
2022-03-28,172.378082
2022-03-29,175.676453
2022-03-30,174.508255
2022-03-31,171.406281
2022-04-01,171.111755
2022-04-04,175.16597
2022-04-05,171.847977
2022-04-06,168.677246
2022-04-07,168.981567
2022-04-08,166.969208
2022-04-11,162.708847
2022-04-12,164.583771
2022-04-13,167.273483
2022-04-14,162.257248
2022-04-18,162.041306
2022-04-19,164.328522
2022-04-20,164.161667
2022-04-21,163.366516
2022-04-22,158.821442
2022-04-25,159.891464
2022-04-26,153.923065
2022-04-27,153.697281
2022-04-28,160.637527
2022-04-29,154.757431
2022-05-02,155.061752
2022-05-03,156.553894
2022-05-04,162.973862
2022-05-05,153.893616
2022-05-06,154.621078
2022-05-09,149.489319
2022-05-10,151.897888
2022-05-11,144.023315
2022-05-12,140.149918
2022-05-13,144.623016
2022-05-16,143.079529
2022-05-17,146.71698
2022-05-18,138.439346
2022-05-19,135.027969
2022-05-20,135.263931
2022-05-23,140.690628
2022-05-24,137.987122
2022-05-25,138.144409
2022-05-26,141.349258
2022-05-27,147.110199
2022-05-31,146.32373
2022-06-01,146.195969
2022-06-02,148.653671
2022-06-03,142.922272
2022-06-06,143.669388
2022-06-07,146.195969
2022-06-08,145.458618
2022-06-09,140.228561
2022-06-10,134.811752
2022-06-13,129.650482
2022-06-14,130.515594
2022-06-15,133.140457
2022-06-16,127.861229
2022-06-17,129.335876
2022-06-21,133.572998
2022-06-22,133.061829
2022-06-23,135.932465
2022-06-24,139.265167
2022-06-27,139.265167
2022-06-28,135.116486
2022-06-29,136.87619
2022-06-30,134.408646
2022-07-01,136.581268
2022-07-05,139.166824
2022-07-06,140.503845
2022-07-07,143.875854
2022-07-08,144.554214
2022-07-11,142.420853
2022-07-12,143.39415
2022-07-13,143.030426
2022-07-14,145.960037
2022-07-15,147.631256
2022-07-18,144.583694
2022-07-19,148.447235
2022-07-20,150.452759
2022-07-21,152.723709
2022-07-22,151.485016
2022-07-25,150.364288
2022-07-26,149.037079
2022-07-27,154.139359
2022-07-28,154.68988
2022-07-29,159.76268
2022-08-01,158.779556
2022-08-02,157.304947
2022-08-03,163.321457
2022-08-04,163.006836
2022-08-05,162.780457
2022-08-08,162.307861
2022-08-09,162.357117
2022-08-10,166.610001
2022-08-11,165.871674
2022-08-12,169.425552
2022-08-15,170.498581
2022-08-16,170.341064
2022-08-17,171.837448
2022-08-18,171.44368
2022-08-19,168.854599
2022-08-22,164.965958
2022-08-23,164.631256
2022-08-24,164.926559
2022-08-25,167.387711
2022-08-26,161.077347
2022-08-29,158.872131
2022-08-30,156.440491
2022-08-31,154.776779
2022-09-01,155.50528
2022-09-02,153.388687
2022-09-06,152.128571
2022-09-07,153.536377
2022-09-08,152.059677
2022-09-09,154.924469
2022-09-12,160.890259
2022-09-13,151.449326
2022-09-14,152.896439
2022-09-15,150.002136
2022-09-16,148.358078
2022-09-19,152.079361
2022-09-20,154.461746
2022-09-21,151.331177
2022-09-22,150.366409
2022-09-23,148.092316
2022-09-26,148.427002
2022-09-27,149.401611
2022-09-28,147.511475
2022-09-29,140.265839
2022-09-30,136.052353
2022-10-03,140.236282
2022-10-04,143.829575
2022-10-05,144.124939
2022-10-06,143.170013
2022-10-07,137.912979
2022-10-10,138.237823
2022-10-11,136.820221
2022-10-12,136.19017
2022-10-13,140.767914
2022-10-14,136.229568
2022-10-17,140.196915
2022-10-18,141.516113
2022-10-19,141.62439
2022-10-20,141.161713
2022-10-21,144.981415
2022-10-24,147.127518
2022-10-25,149.97261
2022-10-26,147.029083
2022-10-27,142.549805
2022-10-28,153.319763
2022-10-31,150.957092
2022-11-01,148.308884
2022-11-02,142.776215
2022-11-03,136.721771
2022-11-04,136.455521
2022-11-07,136.988037
2022-11-08,137.559982
2022-11-09,132.994339
2022-11-10,144.827469
2022-11-11,147.618103
2022-11-14,146.21785
2022-11-15,147.9534
2022-11-16,146.720779
2022-11-17,148.623947
2022-11-18,149.185989
2022-11-21,145.951614
2022-11-22,148.091446
2022-11-23,148.969055
2022-11-25,146.050247
2022-11-28,142.214325
2022-11-29,139.206757
2022-11-30,145.971359
2022-12-01,146.247452
2022-12-02,145.754395
2022-12-05,144.590805
2022-12-06,140.922531
2022-12-07,138.97995
2022-12-08,140.666138
2022-12-09,140.182968
2022-12-12,142.480591
2022-12-13,143.44693
2022-12-14,141.218384
2022-12-15,134.601669
2022-12-16,132.639374
2022-12-19,130.529114
2022-12-20,130.460098
2022-12-21,133.566269
2022-12-22,130.391068
2022-12-23,130.02623
2022-12-27,128.221649
2022-12-28,124.287155
2022-12-29,127.80751
2022-12-30,128.123047
2023-01-03,123.33065
2023-01-04,124.602699
2023-01-05,123.281334
2023-01-06,127.817352
2023-01-09,128.339996
2023-01-10,128.911926
2023-01-11,131.63353
2023-01-12,131.554657
2023-01-13,132.885895
2023-01-17,134.049454
2023-01-18,133.32962
2023-01-19,133.388809
2023-01-20,135.952652
2023-01-23,139.147568
2023-01-24,140.547836
2023-01-25,139.887161
2023-01-26,141.957947
2023-01-27,143.900543
2023-01-30,141.011322
2023-01-31,142.28334
2023-02-01,143.407516
2023-02-02,148.722534
2023-02-03,152.351349
2023-02-06,149.619888
2023-02-07,152.499268
2023-02-08,149.80722
2023-02-09,148.771851
2023-02-10,149.137253
2023-02-13,151.942047
2023-02-14,151.300095
2023-02-15,153.403702
2023-02-16,151.803772
2023-02-17,150.658157
2023-02-21,146.638626
2023-02-22,147.063278
2023-02-23,147.547211
2023-02-24,144.89061
2023-02-27,146.085556
2023-02-28,145.581894
2023-03-01,143.507935
2023-03-02,144.100525
2023-03-03,149.157013
2023-03-06,151.922287
2023-03-07,149.719955
2023-03-08,150.974197
2023-03-09,148.722443
2023-03-10,146.658401
2023-03-13,148.603958
2023-03-14,150.697662
2023-03-15,151.092712
2023-03-16,153.917221
2023-03-17,153.077774
2023-03-20,155.448013
2023-03-21,157.304703
2023-03-22,155.872696
2023-03-23,156.959015
2023-03-24,158.262665
2023-03-27,156.317093
2023-03-28,155.694916
2023-03-29,158.77623
2023-03-30,160.346512
2023-03-31,162.854996
2023-04-03,164.109253
2023-04-04,163.575958
2023-04-05,161.729141
2023-04-06,162.617981
2023-04-10,160.020615
2023-04-11,158.805878
2023-04-12,158.114502
2023-04-13,163.506805
2023-04-14,163.161163
2023-04-17,163.180908
2023-04-18,164.405533
2023-04-19,165.551147
2023-04-20,164.583282
2023-04-21,162.973526
2023-04-24,163.279663
2023-04-25,161.739014
2023-04-26,161.729141
2023-04-27,166.321487
2023-04-28,167.575714
2023-05-01,167.486832
2023-05-02,166.449844
2023-05-03,165.373383
2023-05-04,163.733948
2023-05-05,171.417496
2023-05-08,171.348358
2023-05-09,169.639832
2023-05-10,171.407623
2023-05-11,171.595276
2023-05-12,170.665649
2023-05-15,170.171143
2023-05-16,170.171143
2023-05-17,170.784286
2023-05-18,173.11824
2023-05-19,173.227051
2023-05-22,172.277649
2023-05-23,169.666779
2023-05-24,169.943665
2023-05-25,171.081009
2023-05-26,173.49408
2023-05-30,175.343399
2023-05-31,175.293991
2023-06-01,178.102615
2023-06-02,178.95314
2023-06-05,177.598267
2023-06-06,177.232361
2023-06-07,175.857697
2023-06-08,178.577347
2023-06-09,178.963058
2023-06-12,181.76181
2023-06-13,181.287079
2023-06-14,181.920029
2023-06-15,183.957321
2023-06-16,182.879318
2023-06-20,182.968307
2023-06-21,181.929932
2023-06-22,184.936371
2023-06-23,184.619888
2023-06-26,183.225464
2023-06-27,185.984695
2023-06-28,187.16156
2023-06-29,187.497787
2023-06-30,191.829468
2023-07-03,190.336136
2023-07-05,189.218613
2023-07-06,189.693298
2023-07-07,188.575775
2023-07-10,186.52861
2023-07-11,186.004471
2023-07-12,187.675827
2023-07-13,188.437332
2023-07-14,188.585678
2023-07-17,191.849243
2023-07-18,191.592117
2023-07-19,192.947006
2023-07-20,190.998734
2023-07-21,189.821884
2023-07-24,190.62294
2023-07-25,191.483337
2023-07-26,192.353622
2023-07-27,191.087753
2023-07-28,193.668945
2023-07-31,194.282104
2023-08-01,193.45137
2023-08-02,190.454803
2023-08-03,189.060364
2023-08-04,179.981659
2023-08-07,176.876328
2023-08-08,177.815826
2023-08-09,176.223602
2023-08-10,176.006042
2023-08-11,176.06543
2023-08-14,177.719269
2023-08-15,175.728745
2023-08-16,174.857285
2023-08-17,172.31221
2023-08-18,172.79747
2023-08-21,174.134369
2023-08-22,175.51088
2023-08-23,179.363144
2023-08-24,174.669144
2023-08-25,176.877487
2023-08-28,178.442184
2023-08-29,182.334045
2023-08-30,185.829819
2023-08-31,186.047653
2023-09-01,187.622238
2023-09-05,187.859909
2023-09-06,181.135757
2023-09-07,175.837692
2023-09-08,176.45166
2023-09-11,177.620224
2023-09-12,174.58992
2023-09-13,172.520187
2023-09-14,174.035339
2023-09-15,173.312393
2023-09-18,176.243698
2023-09-19,177.333069
2023-09-20,173.787781
2023-09-21,172.242874
2023-09-22,173.094559
2023-09-25,174.372025
2023-09-26,170.292007
2023-09-27,168.77681
2023-09-28,169.034332
2023-09-29,169.549286
2023-10-02,172.064651
2023-10-03,170.727707
2023-10-04,171.975494
2023-10-05,173.213379
2023-10-06,175.768372
2023-10-09,177.25386
2023-10-10,176.659622
2023-10-11,178.055954
2023-10-12,178.957153
2023-10-13,177.115189
2023-10-16,176.98645
2023-10-17,175.431656
2023-10-18,174.134369
2023-10-19,173.758072
2023-10-20,171.203079
2023-10-23,171.321915
2023-10-24,171.757629
2023-10-25,169.440353
2023-10-26,165.271164
2023-10-27,166.588287
2023-10-30,168.638184
2023-10-31,169.113556
2023-11-01,172.282501
2023-11-02,175.847595
2023-11-03,174.936523
2023-11-06,177.491486
2023-11-07,180.056381
2023-11-08,181.115997
2023-11-09,180.640625
2023-11-10,184.835129
2023-11-13,183.24855
2023-11-14,185.866394
2023-11-15,186.431595
2023-11-16,188.117325
2023-11-17,188.097504
2023-11-20,189.842712
2023-11-21,189.03952
2023-11-22,189.703888
2023-11-24,188.375153
2023-11-27,188.196655
2023-11-28,188.801514
2023-11-29,187.780182
2023-11-30,188.355316
2023-12-01,189.634491
2023-12-04,187.839691
2023-12-05,
2023-12-06,
2023-12-07,
2023-12-08,
2023-12-11,
2023-12-12,
2023-12-13,
2023-12-14,
2023-12-15,
2023-12-18,
2023-12-19,
2023-12-20,
2023-12-21,
2023-12-22,
2023-12-26,
2023-12-27,
2023-12-28,
2023-12-29,
2024-01-02,
2024-01-03,
2024-01-04,
2024-01-05,
2024-01-08,
2024-01-09,
2024-01-10,
2024-01-11,
2024-01-12,
2024-01-16,
2024-01-17,
2024-01-18,
2024-01-19,
2024-01-22,
2024-01-23,
2024-01-24,
2024-01-25,
2024-01-26,
2024-01-29,
2024-01-30,
2024-01-31,
2024-02-01,
2024-02-02,
2024-02-05,
2024-02-06,
2024-02-07,
2024-02-08,
2024-02-09,
2024-02-12,
2024-02-13,
2024-02-14,
2024-02-15,
2024-02-16,
2024-02-20,
2024-02-21,
2024-02-22,
2024-02-23,
2024-02-26,
2024-02-27,
2024-02-28,
2024-02-29,
2024-03-01,
2024-03-04,
2024-03-05,
2024-03-06,
2024-03-07,
2024-03-08,
2024-03-11,
2024-03-12,
2024-03-13,
2024-03-14,
2024-03-15,
2024-03-18,
2024-03-19,
2024-03-20,
2024-03-21,
2024-03-22,
2024-03-25,
2024-03-26,
2024-03-27,
2024-03-28,
2024-04-01,
2024-04-02,
2024-04-03,
2024-04-04,
2024-04-05,
2024-04-08,
2024-04-09,
2024-04-10,
2024-04-11,
2024-04-12,
2024-04-15,
2024-04-16,
2024-04-17,
2024-04-18,
2024-04-19,
2024-04-22,
2024-04-23,
2024-04-24,
2024-04-25,
2024-04-26,
2024-04-29,
2024-04-30,
2024-05-01,
2024-05-02,
2024-05-03,
2024-05-06,
2024-05-07,
2024-05-08,
2024-05-09,
2024-05-10,
2024-05-13,
2024-05-14,
2024-05-15,
2024-05-16,
2024-05-17,
2024-05-20,
2024-05-21,
2024-05-22,
2024-05-23,
2024-05-24,
2024-05-28,
2024-05-29,
2024-05-30,
2024-05-31,
2024-06-03,
2024-06-04,
2024-06-05,
2024-06-06,
2024-06-07,
2024-06-10,
2024-06-11,
2024-06-12,
2024-06-13,
2024-06-14,
2024-06-17,
2024-06-18,
2024-06-20,
2024-06-21,
2024-06-24,
2024-06-25,
2024-06-26,
2024-06-27,
2024-06-28,
2024-07-01,
2024-07-02,
2024-07-03,
2024-07-05,
2024-07-08,
2024-07-09,
2024-07-10,
2024-07-11,
2024-07-12,
2024-07-15,
2024-07-16,
2024-07-17,
2024-07-18,
2024-07-19,
2024-07-22,
2024-07-23,
2024-07-24,
2024-07-25,
2024-07-26,
2024-07-29,
2024-07-30,
2024-07-31,
2024-08-01,
2024-08-02,
2024-08-05,
2024-08-06,
2024-08-07,
2024-08-08,
2024-08-09,
2024-08-12,
2024-08-13,
2024-08-14,
2024-08-15,
2024-08-16,
2024-08-19,
2024-08-20,
2024-08-21,
2024-08-22,
2024-08-23,
2024-08-26,
2024-08-27,
2024-08-28,
2024-08-29,
2024-08-30,
2024-09-03,
2024-09-04,
2024-09-05,
2024-09-06,
2024-09-09,
2024-09-10,
2024-09-11,
2024-09-12,
2024-09-13,
2024-09-16,
2024-09-17,
2024-09-18,
2024-09-19,
2024-09-20,
2024-09-23,
2024-09-24,
2024-09-25,
2024-09-26,
2024-09-27,
2024-09-30,
2024-10-01,
2024-10-02,
2024-10-03,
2024-10-04,
2024-10-07,
2024-10-08,
2024-10-09,
2024-10-10,
2024-10-11,
2024-10-14,
2024-10-15,
2024-10-16,
2024-10-17,
2024-10-18,
2024-10-21,
2024-10-22,
2024-10-23,
2024-10-24,
2024-10-25,
2024-10-28,
2024-10-29,
2024-10-30,
2024-10-31,
2024-11-01,
2024-11-04,
2024-11-05,
2024-11-06,
2024-11-07,
2024-11-08,
2024-11-11,
2024-11-12,
2024-11-13,
2024-11-14,
2024-11-15,
2024-11-18,
2024-11-19,
2024-11-20,
2024-11-21,
2024-11-22,
2024-11-25,
2024-11-26,
2024-11-27,
2024-11-29,
2024-12-02,
2024-12-03,
2024-12-04,
2024-12-05,
2024-12-06,
2024-12-09,
2024-12-10,
2024-12-11,
2024-12-12,
2024-12-13,
2024-12-16,
2024-12-17,
2024-12-18,
2024-12-19,
2024-12-20,
2024-12-23,
2024-12-24,
2024-12-26,
2024-12-27,
2024-12-30,
2024-12-31,
2025-01-02,
2025-01-03,
2025-01-06,
2025-01-07,
2025-01-08,
2025-01-10,
2025-01-13,
2025-01-14,
2025-01-15,
2025-01-16,
2025-01-17,
2025-01-21,
2025-01-22,
2025-01-23,
2025-01-24,
2025-01-27,
2025-01-28,
2025-01-29,
2025-01-30,
2025-01-31,
2025-02-03,
2025-02-04,
2025-02-05,
2025-02-06,
2025-02-07,
2025-02-10,
2025-02-11,
2025-02-12,
2025-02-13,
2025-02-14,
2025-02-18,
2025-02-19,
2025-02-20,
2025-02-21,
2025-02-24,
2025-02-25,
2025-02-26,
2025-02-27,
2025-02-28,
2025-03-03,
2025-03-04,
2025-03-05,
2025-03-06,
2025-03-07,
2025-03-10,
2025-03-11,
2025-03-12,
2025-03-13,
2025-03-14,
2025-03-17,
2025-03-18,
2025-03-19,
2025-03-20,
2025-03-21,
2025-03-24,
2025-03-25,
2025-03-26,
2025-03-27,
2025-03-28,
2025-03-31,
2025-04-01,
2025-04-02,
2025-04-03,
2025-04-04,
2025-04-07,
2025-04-08,
2025-04-09,
2025-04-10,
2025-04-11,
2025-04-14,
2025-04-15,
2025-04-16,
2025-04-17,
2025-04-21,
2025-04-22,
2025-04-23,
2025-04-24,
2025-04-25,
2025-04-28,
2025-04-29,
2025-04-30,
2025-05-01,
2025-05-02,
2025-05-05,
2025-05-06,
2025-05-07,
2025-05-08,
2025-05-09,
2025-05-12,
2025-05-13,
2025-05-14,
2025-05-15,
2025-05-16,
2025-05-19,
2025-05-20,
2025-05-21,
2025-05-22,
2025-05-23,
2025-05-27,
2025-05-28,
2025-05-29,
2025-05-30,
2025-06-02,
2025-06-03,
2025-06-04,
2025-06-05,
2025-06-06,
2025-06-09,
2025-06-10,
2025-06-11,
2025-06-12,
2025-06-13,
2025-06-16,
2025-06-17,
2025-06-18,
2025-06-20,
2025-06-23,
2025-06-24,
2025-06-25,
2025-06-26,
2025-06-27,
2025-06-30,
2025-07-01,
2025-07-02,
2025-07-03,
2025-07-07,
2025-07-08,
2025-07-09,
2025-07-10,
2025-07-11,
2025-07-14,
2025-07-15,
2025-07-16,
2025-07-17,
2025-07-18,
2025-07-21,
2025-07-22,
2025-07-23,
2025-07-24,
2025-07-25,
2025-07-28,
2025-07-29,
2025-07-30,
2025-07-31,
2025-08-01,
2025-08-04,
2025-08-05,
2025-08-06,
2025-08-07,
2025-08-08,
2025-08-11,
2025-08-12,
2025-08-13,
2025-08-14,
2025-08-15,
2025-08-18,
2025-08-19,
2025-08-20,
2025-08-21,
2025-08-22,
2025-08-25,
2025-08-26,
2025-08-27,
2025-08-28,
2025-08-29,
