query_id,query_text,gold_doc_ids,primary_policy_type,difficulty,scenario_group
Q001,"Hello, I wanted to check the company policy related to casual leave utilization. I am planning some time away from work and I am not fully sure how my leave balance, accrual, or approval works in this situation. Could you please confirm what is allowed, and whether any special approvals are required? Thanks in advance.",P020|P184,leave,hard,short_query
Q002,"Hi, I wanted to check the company policy related to use of common areas and meeting rooms (general). I am planning some time away from work and I am not fully sure how my leave balance, accrual, or approval works in this situation. Could you please confirm what is allowed, and whether any special approvals are required? Please let me know what the policy says.",P182|P188|P029,leave,very_hard,very_specific
Q003,"Hello, I wanted to check the company policy related to use of common areas and meeting rooms (general). I am planning some time away from work and I am not fully sure how my leave balance, accrual, or approval works in this situation. Could you please confirm what is allowed, and whether any special approvals are required? Appreciate your guidance.",P186|P040|P183,leave,easy,short_query
Q004,"Hello, I wanted to check the company policy related to casual leave utilization. I am planning some time away from work and I am not fully sure how my leave balance, accrual, or approval works in this situation. Could you please confirm what is allowed, and whether any special approvals are required? Thanks in advance.",P034,leave,medium,long_query
Q005,"Hi, I wanted to check the company policy related to sick leave conversion to loss of pay. I am planning some time away from work and I am not fully sure how my leave balance, accrual, or approval works in this situation. Could you please confirm what is allowed, and whether any special approvals are required? Please let me know what the policy says.",P021,leave,very_hard,very_specific
Q006,"Hi HR Team, I wanted to check the company policy related to casual leave entitlement. I am planning some time away from work and I am not fully sure how my leave balance, accrual, or approval works in this situation. Could you please confirm what is allowed, and whether any special approvals are required? Appreciate your guidance.",P005|P038,leave,hard,very_specific
Q007,"Hello, I wanted to check the company policy related to casual leave utilization. I am planning some time away from work and I am not fully sure how my leave balance, accrual, or approval works in this situation. Could you please confirm what is allowed, and whether any special approvals are required? Please let me know what the policy says.",P034|P056,leave,easy,long_query
Q008,"Dear HR, I wanted to check the company policy related to casual leave entitlement. I am planning some time away from work and I am not fully sure how my leave balance, accrual, or approval works in this situation. Could you please confirm what is allowed, and whether any special approvals are required? Please let me know what the policy says.",P019,leave,easy,long_query
Q009,"Hi, I wanted to check the company policy related to annual leave eligibility. I am planning some time away from work and I am not fully sure how my leave balance, accrual, or approval works in this situation. Could you please confirm what is allowed, and whether any special approvals are required? Please let me know what the policy says.",P057,leave,very_hard,ambiguous
Q010,"Dear HR, I wanted to check the company policy related to loss of pay definition. I am planning some time away from work and I am not fully sure how my leave balance, accrual, or approval works in this situation. Could you please confirm what is allowed, and whether any special approvals are required? Please let me know what the policy says.",P065|P057|P011,leave,easy,very_specific
Q011,"Dear HR, I wanted to check the company policy related to annual leave encashment. I am planning some time away from work and I am not fully sure how my leave balance, accrual, or approval works in this situation. Could you please confirm what is allowed, and whether any special approvals are required? Thanks in advance.",P004,leave,medium,short_query
Q012,"Hi, I wanted to check the company policy related to loss of pay definition. I am planning some time away from work and I am not fully sure how my leave balance, accrual, or approval works in this situation. Could you please confirm what is allowed, and whether any special approvals are required? Looking forward to your clarification.",P023|P068|P058,leave,hard,long_query
Q013,"Hi HR Team, I wanted to check the company policy related to leave application process. I am planning some time away from work and I am not fully sure how my leave balance, accrual, or approval works in this situation. Could you please confirm what is allowed, and whether any special approvals are required? Appreciate your guidance.",P012|P046|P054,leave,hard,ambiguous
Q014,"Hi, I wanted to check the company policy related to annual leave eligibility. I am planning some time away from work and I am not fully sure how my leave balance, accrual, or approval works in this situation. Could you please confirm what is allowed, and whether any special approvals are required? Thanks in advance.",P043|P065|P037,leave,very_hard,short_query
Q015,"Hi HR Team, I wanted to check the company policy related to approval workflow for long leave. I am planning some time away from work and I am not fully sure how my leave balance, accrual, or approval works in this situation. Could you please confirm what is allowed, and whether any special approvals are required? Looking forward to your clarification.",P041|P043,leave,easy,very_specific
Q016,"Hi, I wanted to check the company policy related to blackout periods for leave. I am planning some time away from work and I am not fully sure how my leave balance, accrual, or approval works in this situation. Could you please confirm what is allowed, and whether any special approvals are required? Looking forward to your clarification.",P053,leave,medium,ambiguous
Q017,"Hi, I wanted to check the company policy related to sick leave conversion to loss of pay. I am planning some time away from work and I am not fully sure how my leave balance, accrual, or approval works in this situation. Could you please confirm what is allowed, and whether any special approvals are required? Looking forward to your clarification.",P007|P036,leave,medium,ambiguous
Q018,"Dear HR, I wanted to check the company policy related to annual leave accrual. I am planning some time away from work and I am not fully sure how my leave balance, accrual, or approval works in this situation. Could you please confirm what is allowed, and whether any special approvals are required? Thanks in advance.",P016,leave,medium,long_query
Q019,"Hi HR Team, I wanted to check the company policy related to employee engagement activities (general). I am planning some time away from work and I am not fully sure how my leave balance, accrual, or approval works in this situation. Could you please confirm what is allowed, and whether any special approvals are required? Appreciate your guidance.",P181|P012|P029,leave,easy,very_specific
Q020,"Hi, I wanted to check the company policy related to leave during probation. I am planning some time away from work and I am not fully sure how my leave balance, accrual, or approval works in this situation. Could you please confirm what is allowed, and whether any special approvals are required? Looking forward to your clarification.",P064|P067,leave,hard,very_specific
Q021,"Hello, I wanted to check the company policy related to annual leave encashment. I am planning some time away from work and I am not fully sure how my leave balance, accrual, or approval works in this situation. Could you please confirm what is allowed, and whether any special approvals are required? Thanks in advance.",P032|P182|P019,leave,very_hard,long_query
Q022,"Dear HR, I wanted to check the company policy related to leave during probation. I am planning some time away from work and I am not fully sure how my leave balance, accrual, or approval works in this situation. Could you please confirm what is allowed, and whether any special approvals are required? Please let me know what the policy says.",P036|P045|P066,leave,hard,short_query
Q023,"Dear HR, I wanted to check the company policy related to use of common areas and meeting rooms (general). I am planning some time away from work and I am not fully sure how my leave balance, accrual, or approval works in this situation. Could you please confirm what is allowed, and whether any special approvals are required? Looking forward to your clarification.",P186|P020|P058,leave,very_hard,ambiguous
Q024,"Hello, I wanted to check the company policy related to annual leave carry forward. I am planning some time away from work and I am not fully sure how my leave balance, accrual, or approval works in this situation. Could you please confirm what is allowed, and whether any special approvals are required? Looking forward to your clarification.",P059|P025,leave,medium,very_specific
Q025,"Hello, I wanted to check the company policy related to casual leave utilization. I am planning some time away from work and I am not fully sure how my leave balance, accrual, or approval works in this situation. Could you please confirm what is allowed, and whether any special approvals are required? Looking forward to your clarification.",P006|P062,leave,very_hard,very_specific
Q026,"Hi, I wanted to check the company policy related to casual leave entitlement. I am planning some time away from work and I am not fully sure how my leave balance, accrual, or approval works in this situation. Could you please confirm what is allowed, and whether any special approvals are required? Thanks in advance.",P005|P066,leave,hard,short_query
Q027,"Hi HR Team, I wanted to check the company policy related to leave application process. I am planning some time away from work and I am not fully sure how my leave balance, accrual, or approval works in this situation. Could you please confirm what is allowed, and whether any special approvals are required? Looking forward to your clarification.",P068|P002|P019,leave,very_hard,long_query
Q028,"Hi, I wanted to check the company policy related to casual leave utilization. I am planning some time away from work and I am not fully sure how my leave balance, accrual, or approval works in this situation. Could you please confirm what is allowed, and whether any special approvals are required? Please let me know what the policy says.",P034|P052,leave,easy,ambiguous
Q029,"Dear HR, I wanted to check the company policy related to sick leave conversion to loss of pay. I am planning some time away from work and I am not fully sure how my leave balance, accrual, or approval works in this situation. Could you please confirm what is allowed, and whether any special approvals are required? Appreciate your guidance.",P063,leave,easy,long_query
Q030,"Hi HR Team, I wanted to check the company policy related to leave application process. I am planning some time away from work and I am not fully sure how my leave balance, accrual, or approval works in this situation. Could you please confirm what is allowed, and whether any special approvals are required? Thanks in advance.",P012|P014|P058,leave,medium,ambiguous
Q031,"Dear HR, I wanted to check the company policy related to final settlement leave encashment. I am planning some time away from work and I am not fully sure how my leave balance, accrual, or approval works in this situation. Could you please confirm what is allowed, and whether any special approvals are required? Looking forward to your clarification.",P042,leave,hard,ambiguous
Q032,"Hello, I wanted to check the company policy related to casual leave entitlement. I am planning some time away from work and I am not fully sure how my leave balance, accrual, or approval works in this situation. Could you please confirm what is allowed, and whether any special approvals are required? Appreciate your guidance.",P019|P069,leave,very_hard,long_query
Q033,"Hi, I wanted to check the company policy related to blackout periods for leave. I am planning some time away from work and I am not fully sure how my leave balance, accrual, or approval works in this situation. Could you please confirm what is allowed, and whether any special approvals are required? Please let me know what the policy says.",P011|P032|P065,leave,medium,long_query
Q034,"Hello, I wanted to check the company policy related to annual leave carry forward. I am planning some time away from work and I am not fully sure how my leave balance, accrual, or approval works in this situation. Could you please confirm what is allowed, and whether any special approvals are required? Thanks in advance.",P059|P002,leave,very_hard,ambiguous
Q035,"Dear HR, I wanted to check the company policy related to annual leave eligibility. I am planning some time away from work and I am not fully sure how my leave balance, accrual, or approval works in this situation. Could you please confirm what is allowed, and whether any special approvals are required? Looking forward to your clarification.",P057|P187,leave,hard,very_specific
Q036,"Hello, I wanted to check the company policy related to blackout periods for leave. I am planning some time away from work and I am not fully sure how my leave balance, accrual, or approval works in this situation. Could you please confirm what is allowed, and whether any special approvals are required? Looking forward to your clarification.",P039|P051,leave,very_hard,short_query
Q037,"Hi HR Team, I wanted to check the company policy related to internal communication guidelines (general). I am planning some time away from work and I am not fully sure how my leave balance, accrual, or approval works in this situation. Could you please confirm what is allowed, and whether any special approvals are required? Looking forward to your clarification.",P184|P185,leave,hard,ambiguous
Q038,"Dear HR, I wanted to check the company policy related to leave during probation. I am planning some time away from work and I am not fully sure how my leave balance, accrual, or approval works in this situation. Could you please confirm what is allowed, and whether any special approvals are required? Appreciate your guidance.",P036,leave,easy,very_specific
Q039,"Hello, I wanted to check the company policy related to office dress code expectations (general). I am planning some time away from work and I am not fully sure how my leave balance, accrual, or approval works in this situation. Could you please confirm what is allowed, and whether any special approvals are required? Thanks in advance.",P188|P029,leave,medium,ambiguous
Q040,"Hello, I wanted to check the company policy related to casual leave utilization. I am planning some time away from work and I am not fully sure how my leave balance, accrual, or approval works in this situation. Could you please confirm what is allowed, and whether any special approvals are required? Thanks in advance.",P006|P058,leave,easy,ambiguous
Q041,"Hello, I wanted to check the company policy related to loss of pay procedure. I am planning some time away from work and I am not fully sure how my leave balance, accrual, or approval works in this situation. Could you please confirm what is allowed, and whether any special approvals are required? Please let me know what the policy says.",P038|P055,leave,medium,long_query
Q042,"Dear HR, I wanted to check the company policy related to leave application process. I am planning some time away from work and I am not fully sure how my leave balance, accrual, or approval works in this situation. Could you please confirm what is allowed, and whether any special approvals are required? Please let me know what the policy says.",P068|P022,leave,hard,very_specific
Q043,"Dear HR, I wanted to check the company policy related to annual leave eligibility. I am planning some time away from work and I am not fully sure how my leave balance, accrual, or approval works in this situation. Could you please confirm what is allowed, and whether any special approvals are required? Thanks in advance.",P015|P010|P020,leave,medium,very_specific
Q044,"Hi, I wanted to check the company policy related to loss of pay definition. I am planning some time away from work and I am not fully sure how my leave balance, accrual, or approval works in this situation. Could you please confirm what is allowed, and whether any special approvals are required? Please let me know what the policy says.",P051,leave,hard,short_query
Q045,"Hi HR Team, I wanted to check the company policy related to casual leave utilization. I am planning some time away from work and I am not fully sure how my leave balance, accrual, or approval works in this situation. Could you please confirm what is allowed, and whether any special approvals are required? Please let me know what the policy says.",P034|P049|P014,leave,medium,very_specific
Q046,"Hi, I wanted to check the company policy related to annual leave eligibility. I am planning some time away from work and I am not fully sure how my leave balance, accrual, or approval works in this situation. Could you please confirm what is allowed, and whether any special approvals are required? Thanks in advance.",P029,leave,very_hard,ambiguous
Q047,"Hi, I wanted to check the company policy related to annual leave encashment. I am planning some time away from work and I am not fully sure how my leave balance, accrual, or approval works in this situation. Could you please confirm what is allowed, and whether any special approvals are required? Thanks in advance.",P018,leave,easy,ambiguous
Q048,"Hi, I wanted to check the company policy related to approval workflow for long leave. I am planning some time away from work and I am not fully sure how my leave balance, accrual, or approval works in this situation. Could you please confirm what is allowed, and whether any special approvals are required? Please let me know what the policy says.",P013|P070,leave,medium,very_specific
Q049,"Hi, I wanted to check the company policy related to final settlement leave encashment. I am planning some time away from work and I am not fully sure how my leave balance, accrual, or approval works in this situation. Could you please confirm what is allowed, and whether any special approvals are required? Looking forward to your clarification.",P070|P187|P020,leave,very_hard,short_query
Q050,"Hi, I wanted to check the company policy related to leave during probation. I am planning some time away from work and I am not fully sure how my leave balance, accrual, or approval works in this situation. Could you please confirm what is allowed, and whether any special approvals are required? Looking forward to your clarification.",P036,leave,hard,long_query
Q051,"Hi HR Team, I wanted to check the company policy related to annual leave carry forward. I am planning some time away from work and I am not fully sure how my leave balance, accrual, or approval works in this situation. Could you please confirm what is allowed, and whether any special approvals are required? Looking forward to your clarification.",P031|P013,leave,hard,ambiguous
Q052,"Hello, I wanted to check the company policy related to leave during probation. I am planning some time away from work and I am not fully sure how my leave balance, accrual, or approval works in this situation. Could you please confirm what is allowed, and whether any special approvals are required? Thanks in advance.",P036|P016,leave,very_hard,short_query
Q053,"Hi HR Team, I wanted to check the company policy related to sick leave conversion to loss of pay. I am planning some time away from work and I am not fully sure how my leave balance, accrual, or approval works in this situation. Could you please confirm what is allowed, and whether any special approvals are required? Appreciate your guidance.",P007|P033,leave,medium,long_query
Q054,"Hi HR Team, I wanted to check the company policy related to use of common areas and meeting rooms (general). I am planning some time away from work and I am not fully sure how my leave balance, accrual, or approval works in this situation. Could you please confirm what is allowed, and whether any special approvals are required? Please let me know what the policy says.",P186|P030,leave,hard,long_query
Q055,"Hi HR Team, I wanted to check the company policy related to casual leave entitlement. I am planning some time away from work and I am not fully sure how my leave balance, accrual, or approval works in this situation. Could you please confirm what is allowed, and whether any special approvals are required? Thanks in advance.",P019|P181,leave,hard,long_query
Q056,"Dear HR, I wanted to check the company policy related to annual leave carry forward. I am planning some time away from work and I am not fully sure how my leave balance, accrual, or approval works in this situation. Could you please confirm what is allowed, and whether any special approvals are required? Thanks in advance.",P017,leave,hard,long_query
Q057,"Hi HR Team, I wanted to check the company policy related to loss of pay definition. I am planning some time away from work and I am not fully sure how my leave balance, accrual, or approval works in this situation. Could you please confirm what is allowed, and whether any special approvals are required? Thanks in advance.",P023|P007,leave,medium,very_specific
Q058,"Hello, I wanted to check the company policy related to casual leave entitlement. I am planning some time away from work and I am not fully sure how my leave balance, accrual, or approval works in this situation. Could you please confirm what is allowed, and whether any special approvals are required? Thanks in advance.",P061|P047|P067,leave,easy,very_specific
Q059,"Hi, I wanted to check the company policy related to blackout periods for leave. I am planning some time away from work and I am not fully sure how my leave balance, accrual, or approval works in this situation. Could you please confirm what is allowed, and whether any special approvals are required? Looking forward to your clarification.",P067|P059,leave,easy,short_query
Q060,"Hi HR Team, I wanted to check the company policy related to approval workflow for long leave. I am planning some time away from work and I am not fully sure how my leave balance, accrual, or approval works in this situation. Could you please confirm what is allowed, and whether any special approvals are required? Thanks in advance.",P055,leave,very_hard,very_specific
Q061,"Dear HR, I wanted to check the company policy related to final settlement leave encashment. I am planning some time away from work and I am not fully sure how my leave balance, accrual, or approval works in this situation. Could you please confirm what is allowed, and whether any special approvals are required? Looking forward to your clarification.",P042|P009,leave,medium,ambiguous
Q062,"Hi HR Team, I wanted to check the company policy related to internal communication guidelines (general). I am planning some time away from work and I am not fully sure how my leave balance, accrual, or approval works in this situation. Could you please confirm what is allowed, and whether any special approvals are required? Appreciate your guidance.",P187|P059,leave,very_hard,short_query
Q063,"Hi, I wanted to check the company policy related to final settlement leave encashment. I am planning some time away from work and I am not fully sure how my leave balance, accrual, or approval works in this situation. Could you please confirm what is allowed, and whether any special approvals are required? Looking forward to your clarification.",P056|P030|P053,leave,hard,very_specific
Q064,"Dear HR, I wanted to check the company policy related to approval workflow for long leave. I am planning some time away from work and I am not fully sure how my leave balance, accrual, or approval works in this situation. Could you please confirm what is allowed, and whether any special approvals are required? Appreciate your guidance.",P013|P056,leave,hard,ambiguous
Q065,"Hi HR Team, I wanted to check the company policy related to casual leave entitlement. I am planning some time away from work and I am not fully sure how my leave balance, accrual, or approval works in this situation. Could you please confirm what is allowed, and whether any special approvals are required? Looking forward to your clarification.",P061,leave,easy,short_query
Q066,"Hi HR Team, I wanted to check the company policy related to approval workflow for long leave. I am planning some time away from work and I am not fully sure how my leave balance, accrual, or approval works in this situation. Could you please confirm what is allowed, and whether any special approvals are required? Looking forward to your clarification.",P013|P018,leave,easy,ambiguous
Q067,"Hi HR Team, I wanted to check the company policy related to annual leave encashment. I am planning some time away from work and I am not fully sure how my leave balance, accrual, or approval works in this situation. Could you please confirm what is allowed, and whether any special approvals are required? Appreciate your guidance.",P046|P007|P037,leave,hard,ambiguous
Q068,"Hi HR Team, I have a question about remote work misuse and disciplinary action. In the coming weeks I may need to work from a different location, possibly outside my home city, and I want to understand what the rules are about remote work duration, approvals, and any limitations. Can you clarify how flexible the policy is? Please let me know what the policy says.",P090|P100|P084,remote_work,hard,ambiguous
Q069,"Dear HR, I have a question about remote work during critical onsite days. In the coming weeks I may need to work from a different location, possibly outside my home city, and I want to understand what the rules are about remote work duration, approvals, and any limitations. Can you clarify how flexible the policy is? Please let me know what the policy says.",P099|P074|P106,remote_work,easy,long_query
Q070,"Hi, I have a question about remote work from another state. In the coming weeks I may need to work from a different location, possibly outside my home city, and I want to understand what the rules are about remote work duration, approvals, and any limitations. Can you clarify how flexible the policy is? Thanks in advance.",P114|P071,remote_work,medium,long_query
Q071,"Hi, I have a question about remote work during critical onsite days. In the coming weeks I may need to work from a different location, possibly outside my home city, and I want to understand what the rules are about remote work duration, approvals, and any limitations. Can you clarify how flexible the policy is? Looking forward to your clarification.",P089,remote_work,easy,long_query
Q072,"Dear HR, I have a question about remote work during critical onsite days. In the coming weeks I may need to work from a different location, possibly outside my home city, and I want to understand what the rules are about remote work duration, approvals, and any limitations. Can you clarify how flexible the policy is? Thanks in advance.",P129|P091,remote_work,hard,ambiguous
Q073,"Dear HR, I have a question about use of co-working spaces. In the coming weeks I may need to work from a different location, possibly outside my home city, and I want to understand what the rules are about remote work duration, approvals, and any limitations. Can you clarify how flexible the policy is? Looking forward to your clarification.",P077|P092,remote_work,easy,short_query
Q074,"Hi HR Team, I have a question about remote work from another country. In the coming weeks I may need to work from a different location, possibly outside my home city, and I want to understand what the rules are about remote work duration, approvals, and any limitations. Can you clarify how flexible the policy is? Please let me know what the policy says.",P125|P128|P124,remote_work,hard,long_query
Q075,"Dear HR, I have a question about maximum remote days per month. In the coming weeks I may need to work from a different location, possibly outside my home city, and I want to understand what the rules are about remote work duration, approvals, and any limitations. Can you clarify how flexible the policy is? Thanks in advance.",P126,remote_work,hard,very_specific
Q076,"Hello, I have a question about remote work during critical onsite days. In the coming weeks I may need to work from a different location, possibly outside my home city, and I want to understand what the rules are about remote work duration, approvals, and any limitations. Can you clarify how flexible the policy is? Appreciate your guidance.",P099|P078|P071,remote_work,medium,ambiguous
Q077,"Hi, I have a question about remote work outside home city. In the coming weeks I may need to work from a different location, possibly outside my home city, and I want to understand what the rules are about remote work duration, approvals, and any limitations. Can you clarify how flexible the policy is? Looking forward to your clarification.",P103|P113,remote_work,easy,short_query
Q078,"Hi HR Team, I have a question about remote work outside home city. In the coming weeks I may need to work from a different location, possibly outside my home city, and I want to understand what the rules are about remote work duration, approvals, and any limitations. Can you clarify how flexible the policy is? Looking forward to your clarification.",P093|P120,remote_work,medium,ambiguous
Q079,"Hi, I have a question about maximum remote days per month. In the coming weeks I may need to work from a different location, possibly outside my home city, and I want to understand what the rules are about remote work duration, approvals, and any limitations. Can you clarify how flexible the policy is? Looking forward to your clarification.",P076|P073|P130,remote_work,easy,ambiguous
Q080,"Dear HR, I have a question about remote work from another state. In the coming weeks I may need to work from a different location, possibly outside my home city, and I want to understand what the rules are about remote work duration, approvals, and any limitations. Can you clarify how flexible the policy is? Appreciate your guidance.",P124|P085,remote_work,very_hard,short_query
Q081,"Hello, I have a question about remote work during critical onsite days. In the coming weeks I may need to work from a different location, possibly outside my home city, and I want to understand what the rules are about remote work duration, approvals, and any limitations. Can you clarify how flexible the policy is? Looking forward to your clarification.",P129|P082,remote_work,very_hard,short_query
Q082,"Dear HR, I have a question about remote work within home city. In the coming weeks I may need to work from a different location, possibly outside my home city, and I want to understand what the rules are about remote work duration, approvals, and any limitations. Can you clarify how flexible the policy is? Appreciate your guidance.",P122,remote_work,very_hard,ambiguous
Q083,"Dear HR, I have a question about remote work outside home city. In the coming weeks I may need to work from a different location, possibly outside my home city, and I want to understand what the rules are about remote work duration, approvals, and any limitations. Can you clarify how flexible the policy is? Please let me know what the policy says.",P113|P080,remote_work,easy,long_query
Q084,"Hello, I have a question about remote work during critical onsite days. In the coming weeks I may need to work from a different location, possibly outside my home city, and I want to understand what the rules are about remote work duration, approvals, and any limitations. Can you clarify how flexible the policy is? Appreciate your guidance.",P089|P084,remote_work,medium,ambiguous
Q085,"Hi, I have a question about remote work misuse and disciplinary action. In the coming weeks I may need to work from a different location, possibly outside my home city, and I want to understand what the rules are about remote work duration, approvals, and any limitations. Can you clarify how flexible the policy is? Looking forward to your clarification.",P090,remote_work,medium,very_specific
Q086,"Hi, I have a question about remote work within home city. In the coming weeks I may need to work from a different location, possibly outside my home city, and I want to understand what the rules are about remote work duration, approvals, and any limitations. Can you clarify how flexible the policy is? Looking forward to your clarification.",P112|P090,remote_work,very_hard,short_query
Q087,"Dear HR, I have a question about remote work during critical onsite days. In the coming weeks I may need to work from a different location, possibly outside my home city, and I want to understand what the rules are about remote work duration, approvals, and any limitations. Can you clarify how flexible the policy is? Looking forward to your clarification.",P109|P078,remote_work,hard,short_query
Q088,"Dear HR, I have a question about vpn and security requirements. In the coming weeks I may need to work from a different location, possibly outside my home city, and I want to understand what the rules are about remote work duration, approvals, and any limitations. Can you clarify how flexible the policy is? Thanks in advance.",P128,remote_work,easy,ambiguous
Q089,"Dear HR, I have a question about remote work within home city. In the coming weeks I may need to work from a different location, possibly outside my home city, and I want to understand what the rules are about remote work duration, approvals, and any limitations. Can you clarify how flexible the policy is? Looking forward to your clarification.",P082|P189|P076,remote_work,very_hard,long_query
Q090,"Dear HR, I have a question about employee engagement activities (general). In the coming weeks I may need to work from a different location, possibly outside my home city, and I want to understand what the rules are about remote work duration, approvals, and any limitations. Can you clarify how flexible the policy is? Thanks in advance.",P193|P078,remote_work,very_hard,short_query
Q091,"Hi, I have a question about employee engagement activities (general). In the coming weeks I may need to work from a different location, possibly outside my home city, and I want to understand what the rules are about remote work duration, approvals, and any limitations. Can you clarify how flexible the policy is? Appreciate your guidance.",P193|P076,remote_work,medium,very_specific
Q092,"Dear HR, I have a question about use of co-working spaces. In the coming weeks I may need to work from a different location, possibly outside my home city, and I want to understand what the rules are about remote work duration, approvals, and any limitations. Can you clarify how flexible the policy is? Thanks in advance.",P117|P107,remote_work,very_hard,very_specific
Q093,"Hi, I have a question about remote work outside home city. In the coming weeks I may need to work from a different location, possibly outside my home city, and I want to understand what the rules are about remote work duration, approvals, and any limitations. Can you clarify how flexible the policy is? Please let me know what the policy says.",P113,remote_work,hard,short_query
Q094,"Dear HR, I have a question about remote work outside home city. In the coming weeks I may need to work from a different location, possibly outside my home city, and I want to understand what the rules are about remote work duration, approvals, and any limitations. Can you clarify how flexible the policy is? Please let me know what the policy says.",P103|P114,remote_work,easy,long_query
Q095,"Dear HR, I have a question about remote work eligibility. In the coming weeks I may need to work from a different location, possibly outside my home city, and I want to understand what the rules are about remote work duration, approvals, and any limitations. Can you clarify how flexible the policy is? Appreciate your guidance.",P121|P081,remote_work,hard,very_specific
Q096,"Hi HR Team, I have a question about company social media guidelines (general). In the coming weeks I may need to work from a different location, possibly outside my home city, and I want to understand what the rules are about remote work duration, approvals, and any limitations. Can you clarify how flexible the policy is? Please let me know what the policy says.",P196,remote_work,very_hard,ambiguous
Q097,"Hello, I have a question about remote work misuse and disciplinary action. In the coming weeks I may need to work from a different location, possibly outside my home city, and I want to understand what the rules are about remote work duration, approvals, and any limitations. Can you clarify how flexible the policy is? Appreciate your guidance.",P110|P098,remote_work,hard,very_specific
Q098,"Hi HR Team, I have a question about vpn and security requirements. In the coming weeks I may need to work from a different location, possibly outside my home city, and I want to understand what the rules are about remote work duration, approvals, and any limitations. Can you clarify how flexible the policy is? Please let me know what the policy says.",P088|P080,remote_work,hard,short_query
Q099,"Hi, I have a question about use of co-working spaces. In the coming weeks I may need to work from a different location, possibly outside my home city, and I want to understand what the rules are about remote work duration, approvals, and any limitations. Can you clarify how flexible the policy is? Thanks in advance.",P087|P091|P092,remote_work,medium,long_query
Q100,"Hi, I have a question about remote work outside home city. In the coming weeks I may need to work from a different location, possibly outside my home city, and I want to understand what the rules are about remote work duration, approvals, and any limitations. Can you clarify how flexible the policy is? Appreciate your guidance.",P123|P101,remote_work,very_hard,ambiguous
Q101,"Hi, I have a question about remote work eligibility. In the coming weeks I may need to work from a different location, possibly outside my home city, and I want to understand what the rules are about remote work duration, approvals, and any limitations. Can you clarify how flexible the policy is? Looking forward to your clarification.",P101|P190,remote_work,medium,ambiguous
Q102,"Hello, I have a question about use of co-working spaces. In the coming weeks I may need to work from a different location, possibly outside my home city, and I want to understand what the rules are about remote work duration, approvals, and any limitations. Can you clarify how flexible the policy is? Please let me know what the policy says.",P107|P194|P125,remote_work,medium,long_query
Q103,"Hi HR Team, I have a question about use of co-working spaces. In the coming weeks I may need to work from a different location, possibly outside my home city, and I want to understand what the rules are about remote work duration, approvals, and any limitations. Can you clarify how flexible the policy is? Appreciate your guidance.",P077|P119|P085,remote_work,easy,ambiguous
Q104,"Hello, I have a question about remote work from another country. In the coming weeks I may need to work from a different location, possibly outside my home city, and I want to understand what the rules are about remote work duration, approvals, and any limitations. Can you clarify how flexible the policy is? Looking forward to your clarification.",P105|P195|P089,remote_work,very_hard,short_query
Q105,"Hi, I have a question about remote work from another country. In the coming weeks I may need to work from a different location, possibly outside my home city, and I want to understand what the rules are about remote work duration, approvals, and any limitations. Can you clarify how flexible the policy is? Please let me know what the policy says.",P115,remote_work,very_hard,short_query
Q106,"Dear HR, I have a question about remote work eligibility. In the coming weeks I may need to work from a different location, possibly outside my home city, and I want to understand what the rules are about remote work duration, approvals, and any limitations. Can you clarify how flexible the policy is? Thanks in advance.",P101|P081|P119,remote_work,medium,short_query
Q107,"Hi, I have a question about remote work outside home city. In the coming weeks I may need to work from a different location, possibly outside my home city, and I want to understand what the rules are about remote work duration, approvals, and any limitations. Can you clarify how flexible the policy is? Appreciate your guidance.",P113|P088,remote_work,easy,ambiguous
Q108,"Hello, I have a question about company social media guidelines (general). In the coming weeks I may need to work from a different location, possibly outside my home city, and I want to understand what the rules are about remote work duration, approvals, and any limitations. Can you clarify how flexible the policy is? Appreciate your guidance.",P189|P071|P081,remote_work,easy,ambiguous
Q109,"Hi HR Team, I have a question about company social media guidelines (general). In the coming weeks I may need to work from a different location, possibly outside my home city, and I want to understand what the rules are about remote work duration, approvals, and any limitations. Can you clarify how flexible the policy is? Thanks in advance.",P196|P085|P107,remote_work,medium,ambiguous
Q110,"Hi HR Team, I have a question about remote work eligibility. In the coming weeks I may need to work from a different location, possibly outside my home city, and I want to understand what the rules are about remote work duration, approvals, and any limitations. Can you clarify how flexible the policy is? Appreciate your guidance.",P101|P130|P079,remote_work,easy,very_specific
Q111,"Hello, I have a question about remote work during critical onsite days. In the coming weeks I may need to work from a different location, possibly outside my home city, and I want to understand what the rules are about remote work duration, approvals, and any limitations. Can you clarify how flexible the policy is? Looking forward to your clarification.",P089|P126,remote_work,easy,ambiguous
Q112,"Hi HR Team, I have a question about remote work from another state. In the coming weeks I may need to work from a different location, possibly outside my home city, and I want to understand what the rules are about remote work duration, approvals, and any limitations. Can you clarify how flexible the policy is? Looking forward to your clarification.",P094,remote_work,hard,short_query
Q113,"Dear HR, I have a question about company social media guidelines (general). In the coming weeks I may need to work from a different location, possibly outside my home city, and I want to understand what the rules are about remote work duration, approvals, and any limitations. Can you clarify how flexible the policy is? Thanks in advance.",P189,remote_work,very_hard,ambiguous
Q114,"Hi HR Team, I have a question about maximum remote days per month. In the coming weeks I may need to work from a different location, possibly outside my home city, and I want to understand what the rules are about remote work duration, approvals, and any limitations. Can you clarify how flexible the policy is? Please let me know what the policy says.",P116,remote_work,hard,long_query
Q115,"Hello, I have a question about vpn and security requirements. In the coming weeks I may need to work from a different location, possibly outside my home city, and I want to understand what the rules are about remote work duration, approvals, and any limitations. Can you clarify how flexible the policy is? Looking forward to your clarification.",P088,remote_work,hard,ambiguous
Q116,"Hi HR Team, I have a question about employee engagement activities (general). In the coming weeks I may need to work from a different location, possibly outside my home city, and I want to understand what the rules are about remote work duration, approvals, and any limitations. Can you clarify how flexible the policy is? Please let me know what the policy says.",P190|P088,remote_work,easy,very_specific
Q117,"Dear HR, I have a question about maximum remote days per month. In the coming weeks I may need to work from a different location, possibly outside my home city, and I want to understand what the rules are about remote work duration, approvals, and any limitations. Can you clarify how flexible the policy is? Please let me know what the policy says.",P096,remote_work,medium,short_query
Q118,"Dear HR, I have a question about use of common areas and meeting rooms (general). In the coming weeks I may need to work from a different location, possibly outside my home city, and I want to understand what the rules are about remote work duration, approvals, and any limitations. Can you clarify how flexible the policy is? Please let me know what the policy says.",P194|P189|P103,remote_work,easy,long_query
Q119,"Hi, I have a question about use of co-working spaces. In the coming weeks I may need to work from a different location, possibly outside my home city, and I want to understand what the rules are about remote work duration, approvals, and any limitations. Can you clarify how flexible the policy is? Looking forward to your clarification.",P077|P106,remote_work,easy,ambiguous
Q120,"Dear HR, I have a question about use of co-working spaces. In the coming weeks I may need to work from a different location, possibly outside my home city, and I want to understand what the rules are about remote work duration, approvals, and any limitations. Can you clarify how flexible the policy is? Please let me know what the policy says.",P127|P114|P094,remote_work,very_hard,very_specific
Q121,"Dear HR, I have a question about remote work eligibility. In the coming weeks I may need to work from a different location, possibly outside my home city, and I want to understand what the rules are about remote work duration, approvals, and any limitations. Can you clarify how flexible the policy is? Thanks in advance.",P081|P082|P127,remote_work,medium,ambiguous
Q122,"Hi, I have a question about remote work eligibility. In the coming weeks I may need to work from a different location, possibly outside my home city, and I want to understand what the rules are about remote work duration, approvals, and any limitations. Can you clarify how flexible the policy is? Appreciate your guidance.",P081|P109,remote_work,hard,very_specific
Q123,"Hi, I have a question about use of co-working spaces. In the coming weeks I may need to work from a different location, possibly outside my home city, and I want to understand what the rules are about remote work duration, approvals, and any limitations. Can you clarify how flexible the policy is? Please let me know what the policy says.",P127|P129,remote_work,easy,ambiguous
Q124,"Hello, I have a question about vpn and security requirements. In the coming weeks I may need to work from a different location, possibly outside my home city, and I want to understand what the rules are about remote work duration, approvals, and any limitations. Can you clarify how flexible the policy is? Thanks in advance.",P078,remote_work,very_hard,ambiguous
Q125,"Dear HR, I have a question about remote work during critical onsite days. In the coming weeks I may need to work from a different location, possibly outside my home city, and I want to understand what the rules are about remote work duration, approvals, and any limitations. Can you clarify how flexible the policy is? Please let me know what the policy says.",P089|P075|P087,remote_work,easy,long_query
Q126,"Dear HR, I have a question about remote work misuse and disciplinary action. In the coming weeks I may need to work from a different location, possibly outside my home city, and I want to understand what the rules are about remote work duration, approvals, and any limitations. Can you clarify how flexible the policy is? Please let me know what the policy says.",P120,remote_work,medium,very_specific
Q127,"Hi, I have a question about use of co-working spaces. In the coming weeks I may need to work from a different location, possibly outside my home city, and I want to understand what the rules are about remote work duration, approvals, and any limitations. Can you clarify how flexible the policy is? Please let me know what the policy says.",P127,remote_work,medium,ambiguous
Q128,"Hi, I have a question about maximum remote days per month. In the coming weeks I may need to work from a different location, possibly outside my home city, and I want to understand what the rules are about remote work duration, approvals, and any limitations. Can you clarify how flexible the policy is? Looking forward to your clarification.",P106|P085,remote_work,easy,long_query
Q129,"Dear HR, I have a question about maximum remote days per month. In the coming weeks I may need to work from a different location, possibly outside my home city, and I want to understand what the rules are about remote work duration, approvals, and any limitations. Can you clarify how flexible the policy is? Looking forward to your clarification.",P086|P105,remote_work,very_hard,long_query
Q130,"Hi, I have a question about maximum remote days per month. In the coming weeks I may need to work from a different location, possibly outside my home city, and I want to understand what the rules are about remote work duration, approvals, and any limitations. Can you clarify how flexible the policy is? Appreciate your guidance.",P096,remote_work,medium,short_query
Q131,"Hi HR Team, I have a question about use of co-working spaces. In the coming weeks I may need to work from a different location, possibly outside my home city, and I want to understand what the rules are about remote work duration, approvals, and any limitations. Can you clarify how flexible the policy is? Please let me know what the policy says.",P127,remote_work,hard,ambiguous
Q132,"Hi HR Team, I have a question about remote work during critical onsite days. In the coming weeks I may need to work from a different location, possibly outside my home city, and I want to understand what the rules are about remote work duration, approvals, and any limitations. Can you clarify how flexible the policy is? Appreciate your guidance.",P109|P093,remote_work,hard,long_query
Q133,"Dear HR, I have a question about vpn and security requirements. In the coming weeks I may need to work from a different location, possibly outside my home city, and I want to understand what the rules are about remote work duration, approvals, and any limitations. Can you clarify how flexible the policy is? Looking forward to your clarification.",P088|P193,remote_work,easy,ambiguous
Q134,"Hi, I have a question about use of co-working spaces. In the coming weeks I may need to work from a different location, possibly outside my home city, and I want to understand what the rules are about remote work duration, approvals, and any limitations. Can you clarify how flexible the policy is? Looking forward to your clarification.",P087,remote_work,easy,ambiguous
Q135,"Dear HR, I would like to understand how sick leave entitlement per year works in practice. If I am unwell for a few days or need an extended period of rest, what documentation is required, how many days are covered as sick leave, and at what point does it become loss of pay or need extra approval? Thanks in advance.",P164|P197|P157,sick_leave,easy,long_query
Q136,"Hello, I would like to understand how sick leave carry forward works in practice. If I am unwell for a few days or need an extended period of rest, what documentation is required, how many days are covered as sick leave, and at what point does it become loss of pay or need extra approval? Appreciate your guidance.",P159|P175|P165,sick_leave,hard,long_query
Q137,"Dear HR, I would like to understand how consecutive sick leave rules works in practice. If I am unwell for a few days or need an extended period of rest, what documentation is required, how many days are covered as sick leave, and at what point does it become loss of pay or need extra approval? Appreciate your guidance.",P158,sick_leave,easy,long_query
Q138,"Dear HR, I would like to understand how medical certificate requirements works in practice. If I am unwell for a few days or need an extended period of rest, what documentation is required, how many days are covered as sick leave, and at what point does it become loss of pay or need extra approval? Thanks in advance.",P141|P177,sick_leave,medium,ambiguous
Q139,"Dear HR, I would like to understand how sick leave eligibility works in practice. If I am unwell for a few days or need an extended period of rest, what documentation is required, how many days are covered as sick leave, and at what point does it become loss of pay or need extra approval? Thanks in advance.",P147|P172,sick_leave,hard,long_query
Q140,"Dear HR, I would like to understand how sick leave eligibility works in practice. If I am unwell for a few days or need an extended period of rest, what documentation is required, how many days are covered as sick leave, and at what point does it become loss of pay or need extra approval? Thanks in advance.",P163|P169,sick_leave,medium,long_query
Q141,"Dear HR, I would like to understand how company social media guidelines (general) works in practice. If I am unwell for a few days or need an extended period of rest, what documentation is required, how many days are covered as sick leave, and at what point does it become loss of pay or need extra approval? Appreciate your guidance.",P199,sick_leave,easy,short_query
Q142,"Dear HR, I would like to understand how sick leave entitlement per year works in practice. If I am unwell for a few days or need an extended period of rest, what documentation is required, how many days are covered as sick leave, and at what point does it become loss of pay or need extra approval? Please let me know what the policy says.",P180|P170|P171,sick_leave,easy,very_specific
Q143,"Hi, I would like to understand how restrictions on working while sick works in practice. If I am unwell for a few days or need an extended period of rest, what documentation is required, how many days are covered as sick leave, and at what point does it become loss of pay or need extra approval? Thanks in advance.",P161|P199,sick_leave,very_hard,ambiguous
Q144,"Hi, I would like to understand how sick leave carry forward works in practice. If I am unwell for a few days or need an extended period of rest, what documentation is required, how many days are covered as sick leave, and at what point does it become loss of pay or need extra approval? Looking forward to your clarification.",P175,sick_leave,medium,very_specific
Q145,"Dear HR, I would like to understand how sick leave during probation works in practice. If I am unwell for a few days or need an extended period of rest, what documentation is required, how many days are covered as sick leave, and at what point does it become loss of pay or need extra approval? Please let me know what the policy says.",P160|P152,sick_leave,medium,ambiguous
Q146,"Dear HR, I would like to understand how sick leave entitlement per year works in practice. If I am unwell for a few days or need an extended period of rest, what documentation is required, how many days are covered as sick leave, and at what point does it become loss of pay or need extra approval? Appreciate your guidance.",P156|P180,sick_leave,hard,short_query
Q147,"Hello, I would like to understand how sick leave during probation works in practice. If I am unwell for a few days or need an extended period of rest, what documentation is required, how many days are covered as sick leave, and at what point does it become loss of pay or need extra approval? Appreciate your guidance.",P160,sick_leave,hard,very_specific
Q148,"Hi, I would like to understand how restrictions on working while sick works in practice. If I am unwell for a few days or need an extended period of rest, what documentation is required, how many days are covered as sick leave, and at what point does it become loss of pay or need extra approval? Appreciate your guidance.",P137,sick_leave,hard,very_specific
Q149,"Hello, I would like to understand how employee engagement activities (general) works in practice. If I am unwell for a few days or need an extended period of rest, what documentation is required, how many days are covered as sick leave, and at what point does it become loss of pay or need extra approval? Appreciate your guidance.",P202|P199,sick_leave,hard,ambiguous
Q150,"Hi HR Team, I would like to understand how remote work while on sick leave works in practice. If I am unwell for a few days or need an extended period of rest, what documentation is required, how many days are covered as sick leave, and at what point does it become loss of pay or need extra approval? Thanks in advance.",P162|P163|P204,sick_leave,hard,very_specific
Q151,"Hi HR Team, I would like to understand how sick leave entitlement per year works in practice. If I am unwell for a few days or need an extended period of rest, what documentation is required, how many days are covered as sick leave, and at what point does it become loss of pay or need extra approval? Please let me know what the policy says.",P156|P146|P144,sick_leave,hard,short_query
Q152,"Hi, I would like to understand how remote work while on sick leave works in practice. If I am unwell for a few days or need an extended period of rest, what documentation is required, how many days are covered as sick leave, and at what point does it become loss of pay or need extra approval? Appreciate your guidance.",P162|P149|P166,sick_leave,easy,short_query
Q153,"Dear HR, I would like to understand how use of common areas and meeting rooms (general) works in practice. If I am unwell for a few days or need an extended period of rest, what documentation is required, how many days are covered as sick leave, and at what point does it become loss of pay or need extra approval? Thanks in advance.",P203|P177,sick_leave,hard,very_specific
Q154,"Dear HR, I would like to understand how sick leave entitlement per year works in practice. If I am unwell for a few days or need an extended period of rest, what documentation is required, how many days are covered as sick leave, and at what point does it become loss of pay or need extra approval? Thanks in advance.",P156,sick_leave,medium,ambiguous
Q155,"Hello, I would like to understand how sick leave eligibility works in practice. If I am unwell for a few days or need an extended period of rest, what documentation is required, how many days are covered as sick leave, and at what point does it become loss of pay or need extra approval? Thanks in advance.",P155|P180|P167,sick_leave,hard,short_query
Q156,"Hello, I would like to understand how sick leave entitlement per year works in practice. If I am unwell for a few days or need an extended period of rest, what documentation is required, how many days are covered as sick leave, and at what point does it become loss of pay or need extra approval? Appreciate your guidance.",P156|P198,sick_leave,hard,ambiguous
Q157,"Hello, I would like to understand how restrictions on working while sick works in practice. If I am unwell for a few days or need an extended period of rest, what documentation is required, how many days are covered as sick leave, and at what point does it become loss of pay or need extra approval? Please let me know what the policy says.",P169|P163|P133,sick_leave,easy,short_query
Q158,"Dear HR, I would like to understand how office dress code expectations (general) works in practice. If I am unwell for a few days or need an extended period of rest, what documentation is required, how many days are covered as sick leave, and at what point does it become loss of pay or need extra approval? Please let me know what the policy says.",P198|P164|P160,sick_leave,medium,long_query
Q159,"Hi, I would like to understand how medical certificate requirements works in practice. If I am unwell for a few days or need an extended period of rest, what documentation is required, how many days are covered as sick leave, and at what point does it become loss of pay or need extra approval? Please let me know what the policy says.",P141|P171|P179,sick_leave,hard,ambiguous
Q160,"Hi HR Team, I would like to understand how restrictions on working while sick works in practice. If I am unwell for a few days or need an extended period of rest, what documentation is required, how many days are covered as sick leave, and at what point does it become loss of pay or need extra approval? Looking forward to your clarification.",P161,sick_leave,hard,ambiguous
Q161,"Dear HR, I would like to understand how sick leave during probation works in practice. If I am unwell for a few days or need an extended period of rest, what documentation is required, how many days are covered as sick leave, and at what point does it become loss of pay or need extra approval? Appreciate your guidance.",P168|P198,sick_leave,easy,very_specific
Q162,"Hi, I would like to understand how restrictions on working while sick works in practice. If I am unwell for a few days or need an extended period of rest, what documentation is required, how many days are covered as sick leave, and at what point does it become loss of pay or need extra approval? Appreciate your guidance.",P177,sick_leave,very_hard,long_query
Q163,"Hi HR Team, I would like to understand how company social media guidelines (general) works in practice. If I am unwell for a few days or need an extended period of rest, what documentation is required, how many days are covered as sick leave, and at what point does it become loss of pay or need extra approval? Looking forward to your clarification.",P199|P133,sick_leave,easy,long_query
Q164,"Hi, I would like to understand how sick leave carry forward works in practice. If I am unwell for a few days or need an extended period of rest, what documentation is required, how many days are covered as sick leave, and at what point does it become loss of pay or need extra approval? Thanks in advance.",P151|P140|P158,sick_leave,medium,very_specific
Q165,"Hi, I would like to understand how sick leave during probation works in practice. If I am unwell for a few days or need an extended period of rest, what documentation is required, how many days are covered as sick leave, and at what point does it become loss of pay or need extra approval? Looking forward to your clarification.",P176|P164,sick_leave,medium,ambiguous
Q166,"Dear HR, I would like to understand how sick leave carry forward works in practice. If I am unwell for a few days or need an extended period of rest, what documentation is required, how many days are covered as sick leave, and at what point does it become loss of pay or need extra approval? Looking forward to your clarification.",P151|P161,sick_leave,hard,ambiguous
Q167,"Dear HR, I would like to understand how sick leave carry forward works in practice. If I am unwell for a few days or need an extended period of rest, what documentation is required, how many days are covered as sick leave, and at what point does it become loss of pay or need extra approval? Please let me know what the policy says.",P143|P149,sick_leave,hard,long_query
Q168,"Hi, I would like to understand how sick leave during probation works in practice. If I am unwell for a few days or need an extended period of rest, what documentation is required, how many days are covered as sick leave, and at what point does it become loss of pay or need extra approval? Please let me know what the policy says.",P176|P175,sick_leave,very_hard,ambiguous
Q169,"Hi, I would like to understand how consecutive sick leave rules works in practice. If I am unwell for a few days or need an extended period of rest, what documentation is required, how many days are covered as sick leave, and at what point does it become loss of pay or need extra approval? Please let me know what the policy says.",P166|P149,sick_leave,easy,very_specific
Q170,"Hi HR Team, I would like to understand how sick leave entitlement per year works in practice. If I am unwell for a few days or need an extended period of rest, what documentation is required, how many days are covered as sick leave, and at what point does it become loss of pay or need extra approval? Please let me know what the policy says.",P180|P149,sick_leave,easy,ambiguous
Q171,"Hello, I would like to understand how sick leave carry forward works in practice. If I am unwell for a few days or need an extended period of rest, what documentation is required, how many days are covered as sick leave, and at what point does it become loss of pay or need extra approval? Please let me know what the policy says.",P159|P179,sick_leave,very_hard,long_query
Q172,"Hello, I would like to understand how consecutive sick leave rules works in practice. If I am unwell for a few days or need an extended period of rest, what documentation is required, how many days are covered as sick leave, and at what point does it become loss of pay or need extra approval? Thanks in advance.",P166|P139,sick_leave,easy,long_query
Q173,"Hi HR Team, I would like to understand how medical certificate requirements works in practice. If I am unwell for a few days or need an extended period of rest, what documentation is required, how many days are covered as sick leave, and at what point does it become loss of pay or need extra approval? Looking forward to your clarification.",P173|P171,sick_leave,medium,short_query
Q174,"Hello, I would like to understand how sick leave during probation works in practice. If I am unwell for a few days or need an extended period of rest, what documentation is required, how many days are covered as sick leave, and at what point does it become loss of pay or need extra approval? Looking forward to your clarification.",P152|P137|P175,sick_leave,medium,short_query
Q175,"Dear HR, I would like to understand how sick leave entitlement per year works in practice. If I am unwell for a few days or need an extended period of rest, what documentation is required, how many days are covered as sick leave, and at what point does it become loss of pay or need extra approval? Please let me know what the policy says.",P172|P161|P173,sick_leave,medium,ambiguous
Q176,"Hi HR Team, I would like to understand how sick leave entitlement per year works in practice. If I am unwell for a few days or need an extended period of rest, what documentation is required, how many days are covered as sick leave, and at what point does it become loss of pay or need extra approval? Appreciate your guidance.",P172,sick_leave,easy,long_query
Q177,"Hello, I would like to understand how medical certificate requirements works in practice. If I am unwell for a few days or need an extended period of rest, what documentation is required, how many days are covered as sick leave, and at what point does it become loss of pay or need extra approval? Please let me know what the policy says.",P157|P133,sick_leave,very_hard,very_specific
Q178,"Hi HR Team, I would like to understand how use of common areas and meeting rooms (general) works in practice. If I am unwell for a few days or need an extended period of rest, what documentation is required, how many days are covered as sick leave, and at what point does it become loss of pay or need extra approval? Please let me know what the policy says.",P203,sick_leave,easy,ambiguous
Q179,"Hi, I would like to understand how medical certificate requirements works in practice. If I am unwell for a few days or need an extended period of rest, what documentation is required, how many days are covered as sick leave, and at what point does it become loss of pay or need extra approval? Please let me know what the policy says.",P149|P173|P166,sick_leave,very_hard,long_query
Q180,"Hi, I would like to understand how sick leave carry forward works in practice. If I am unwell for a few days or need an extended period of rest, what documentation is required, how many days are covered as sick leave, and at what point does it become loss of pay or need extra approval? Please let me know what the policy says.",P143,sick_leave,hard,long_query
Q181,"Hello, I would like to understand how sick leave during probation works in practice. If I am unwell for a few days or need an extended period of rest, what documentation is required, how many days are covered as sick leave, and at what point does it become loss of pay or need extra approval? Appreciate your guidance.",P176|P131,sick_leave,hard,ambiguous
Q182,"Hi, I would like to understand how remote work while on sick leave works in practice. If I am unwell for a few days or need an extended period of rest, what documentation is required, how many days are covered as sick leave, and at what point does it become loss of pay or need extra approval? Thanks in advance.",P170|P200|P158,sick_leave,hard,short_query
Q183,"Hi HR Team, I would like to understand how consecutive sick leave rules works in practice. If I am unwell for a few days or need an extended period of rest, what documentation is required, how many days are covered as sick leave, and at what point does it become loss of pay or need extra approval? Please let me know what the policy says.",P142|P162,sick_leave,hard,long_query
Q184,"Dear HR, I would like to understand how sick leave eligibility works in practice. If I am unwell for a few days or need an extended period of rest, what documentation is required, how many days are covered as sick leave, and at what point does it become loss of pay or need extra approval? Thanks in advance.",P155|P160,sick_leave,hard,ambiguous
Q185,"Hi HR Team, I would like to understand how sick leave eligibility works in practice. If I am unwell for a few days or need an extended period of rest, what documentation is required, how many days are covered as sick leave, and at what point does it become loss of pay or need extra approval? Looking forward to your clarification.",P147|P176,sick_leave,medium,short_query
Q186,"Dear HR, I would like to understand how consecutive sick leave rules works in practice. If I am unwell for a few days or need an extended period of rest, what documentation is required, how many days are covered as sick leave, and at what point does it become loss of pay or need extra approval? Please let me know what the policy says.",P150|P157,sick_leave,hard,short_query
Q187,"Hello, I would like to understand how remote work while on sick leave works in practice. If I am unwell for a few days or need an extended period of rest, what documentation is required, how many days are covered as sick leave, and at what point does it become loss of pay or need extra approval? Looking forward to your clarification.",P170|P145,sick_leave,medium,very_specific
Q188,"Hello, I would like to understand how remote work while on sick leave works in practice. If I am unwell for a few days or need an extended period of rest, what documentation is required, how many days are covered as sick leave, and at what point does it become loss of pay or need extra approval? Thanks in advance.",P178|P157,sick_leave,very_hard,long_query
Q189,"Hi HR Team, I would like to understand how sick leave entitlement per year works in practice. If I am unwell for a few days or need an extended period of rest, what documentation is required, how many days are covered as sick leave, and at what point does it become loss of pay or need extra approval? Thanks in advance.",P164|P165|P177,sick_leave,hard,short_query
Q190,"Dear HR, I would like to understand how internal communication guidelines (general) works in practice. If I am unwell for a few days or need an extended period of rest, what documentation is required, how many days are covered as sick leave, and at what point does it become loss of pay or need extra approval? Looking forward to your clarification.",P200|P167,sick_leave,medium,long_query
Q191,"Hi, I would like to understand how remote work while on sick leave works in practice. If I am unwell for a few days or need an extended period of rest, what documentation is required, how many days are covered as sick leave, and at what point does it become loss of pay or need extra approval? Thanks in advance.",P138|P177,sick_leave,very_hard,short_query
Q192,"Hi HR Team, I would like to understand how sick leave during probation works in practice. If I am unwell for a few days or need an extended period of rest, what documentation is required, how many days are covered as sick leave, and at what point does it become loss of pay or need extra approval? Looking forward to your clarification.",P160|P164,sick_leave,very_hard,very_specific
Q193,"Dear HR, I would like to understand how consecutive sick leave rules works in practice. If I am unwell for a few days or need an extended period of rest, what documentation is required, how many days are covered as sick leave, and at what point does it become loss of pay or need extra approval? Thanks in advance.",P174|P178,sick_leave,easy,very_specific
Q194,"Hi, I would like to understand how remote work while on sick leave works in practice. If I am unwell for a few days or need an extended period of rest, what documentation is required, how many days are covered as sick leave, and at what point does it become loss of pay or need extra approval? Please let me know what the policy says.",P178|P168,sick_leave,easy,short_query
Q195,"Hi, I would like to understand how sick leave carry forward works in practice. If I am unwell for a few days or need an extended period of rest, what documentation is required, how many days are covered as sick leave, and at what point does it become loss of pay or need extra approval? Thanks in advance.",P175,sick_leave,easy,short_query
Q196,"Dear HR, I would like to understand how medical certificate requirements works in practice. If I am unwell for a few days or need an extended period of rest, what documentation is required, how many days are covered as sick leave, and at what point does it become loss of pay or need extra approval? Looking forward to your clarification.",P149|P142|P197,sick_leave,medium,very_specific
Q197,"Hi HR Team, I would like to understand how sick leave carry forward works in practice. If I am unwell for a few days or need an extended period of rest, what documentation is required, how many days are covered as sick leave, and at what point does it become loss of pay or need extra approval? Appreciate your guidance.",P159|P155|P136,sick_leave,medium,ambiguous
Q198,"Hi HR Team, I would like to understand how medical certificate requirements works in practice. If I am unwell for a few days or need an extended period of rest, what documentation is required, how many days are covered as sick leave, and at what point does it become loss of pay or need extra approval? Please let me know what the policy says.",P165|P164|P139,sick_leave,medium,short_query
Q199,"Hi, I would like to understand how sick leave during probation works in practice. If I am unwell for a few days or need an extended period of rest, what documentation is required, how many days are covered as sick leave, and at what point does it become loss of pay or need extra approval? Please let me know what the policy says.",P160|P166|P155,sick_leave,medium,long_query
Q200,"Hi, I would like to understand how sick leave entitlement per year works in practice. If I am unwell for a few days or need an extended period of rest, what documentation is required, how many days are covered as sick leave, and at what point does it become loss of pay or need extra approval? Thanks in advance.",P140|P144,sick_leave,easy,short_query
